﻿"1","31A005","1","31A","310","001","医療終身保険（無解約払戻金型）","1","20","69","1","1","benefit","4000","insurancePeriodClass","3","insurancePeriod","3000","paymentPeriodClass","3","paymentPeriod","3000","hosCovPayLimitClass","060","benefitPayConvCls","1","disHsptUnlmtDaysSpPrv","1","freeOfPRiderFlg","0","freeOfPremiumRiderCls","000"
"2","31A005","1","31A","310","001","医療終身保険（無解約払戻金型）","1","20","69","","0","benefit","4000","insurancePeriodClass","3","insurancePeriod","3000","paymentPeriodClass","3","paymentPeriod","3000","hosCovPayLimitClass","060","benefitPayConvCls","1","disHsptUnlmtDaysSpPrv","1","freeOfPRiderFlg","0","freeOfPremiumRiderCls","000"
"3","31A005","1","31A","310","001","医療終身保険（無解約払戻金型）","1","20","69","","0","benefit","4000","insurancePeriodClass","3","insurancePeriod","3000","paymentPeriodClass","3","paymentPeriod","3000","hosCovPayLimitClass","060","benefitPayConvCls","1","disHsptUnlmtDaysSpPrv","1","freeOfPRiderFlg","0","freeOfPremiumRiderCls","000"
"1","31E002","1","31E","310","001","特定疾病一時給付保険（無解約払戻金型）（２０）","1","20","69","1","1","benefit","500000","insurancePeriodClass","3","insurancePeriod","3000","paymentPeriodClass","3","paymentPeriod","3000","diseaseCoverageType","6","benefitFirstPayConvCls","1","freeOfPRiderFlg","0","freeOfPremiumRiderCls","000","",""
"2","31E002","1","31E","310","001","特定疾病一時給付保険（無解約払戻金型）（２０）","1","20","69","","0","benefit","500000","insurancePeriodClass","3","insurancePeriod","3000","paymentPeriodClass","3","paymentPeriod","3000","diseaseCoverageType","6","benefitFirstPayConvCls","1","freeOfPRiderFlg","0","freeOfPremiumRiderCls","000","",""
"3","31E002","1","31E","310","001","特定疾病一時給付保険（無解約払戻金型）（２０）","1","20","69","","0","benefit","500000","insurancePeriodClass","3","insurancePeriod","3000","paymentPeriodClass","3","paymentPeriod","3000","diseaseCoverageType","6","benefitFirstPayConvCls","1","freeOfPRiderFlg","0","freeOfPremiumRiderCls","000","",""
"1","31C003","1","31C","310","001","引受緩和型医療終身保険（無解約払戻金型）","1","20","69","1","1","benefit","5000","insurancePeriodClass","3","insurancePeriod","3000","paymentPeriodClass","3","paymentPeriod","3000","hosCovPayLimitClass","060","benefitPayConvCls","1","disHsptUnlmtDaysSpPrv","1","freeOfPRiderFlg","0","freeOfPremiumRiderCls","000"
"2","31C003","1","31C","310","001","引受緩和型医療終身保険（無解約払戻金型）","1","20","69","","0","benefit","5000","insurancePeriodClass","3","insurancePeriod","3000","paymentPeriodClass","3","paymentPeriod","3000","hosCovPayLimitClass","060","benefitPayConvCls","1","disHsptUnlmtDaysSpPrv","1","freeOfPRiderFlg","0","freeOfPremiumRiderCls","000"
"3","31C003","1","31C","310","001","引受緩和型医療終身保険（無解約払戻金型）","1","20","69","","0","benefit","5000","insurancePeriodClass","3","insurancePeriod","3000","paymentPeriodClass","3","paymentPeriod","3000","hosCovPayLimitClass","060","benefitPayConvCls","1","disHsptUnlmtDaysSpPrv","1","freeOfPRiderFlg","0","freeOfPremiumRiderCls","000"
"1","31D002","1","31D","310","001","引受緩和型３大疾病一時給付保険（無解約払戻金型）","1","20","69","0","1","benefit","500000","insurancePeriodClass","3","insurancePeriod","3000","paymentPeriodClass","3","paymentPeriod","3000","benefitFirstPayConvCls","1","freeOfPRiderFlg","0","freeOfPremiumRiderCls","000","","","",""
"2","31D002","1","31D","310","001","引受緩和型３大疾病一時給付保険（無解約払戻金型）","1","20","69","","0","benefit","500000","insurancePeriodClass","3","insurancePeriod","3000","paymentPeriodClass","3","paymentPeriod","3000","benefitFirstPayConvCls","1","freeOfPRiderFlg","0","freeOfPremiumRiderCls","000","","","",""
"3","31D002","1","31D","310","001","引受緩和型３大疾病一時給付保険（無解約払戻金型）","1","20","69","","0","benefit","500000","insurancePeriodClass","3","insurancePeriod","3000","paymentPeriodClass","3","paymentPeriod","3000","benefitFirstPayConvCls","1","freeOfPRiderFlg","0","freeOfPremiumRiderCls","000","","","",""
"1","03A003","1","03A","030","001","定期保険（無解約払戻金型）","1","20","69","0","1","benefit","5000000","insurancePeriodClass","2","insurancePeriod","60","paymentPeriodClass","2","paymentPeriod","60","freeOfPRiderFlg","0","freeOfPremiumRiderCls","000","","","","","",""
"2","03A003","1","03A","030","001","定期保険（無解約払戻金型）","1","20","69","","0","benefit","5000000","insurancePeriodClass","2","insurancePeriod","60","paymentPeriodClass","2","paymentPeriod","60","freeOfPRiderFlg","0","freeOfPremiumRiderCls","000","","","","","",""
"3","03A003","1","03A","030","001","定期保険（無解約払戻金型）","1","20","69","","0","benefit","5000000","insurancePeriodClass","2","insurancePeriod","60","paymentPeriodClass","2","paymentPeriod","60","freeOfPRiderFlg","0","freeOfPremiumRiderCls","000","","","","","",""
"1","31A005","1","31A","310","001","医療終身保険（無解約払戻金型）","2","20","69","1","1","benefit","4000","insurancePeriodClass","3","insurancePeriod","3000","paymentPeriodClass","3","paymentPeriod","3000","hosCovPayLimitClass","060","benefitPayConvCls","1","disHsptUnlmtDaysSpPrv","1","freeOfPRiderFlg","0","freeOfPremiumRiderCls","000"
"2","31A005","1","31A","310","001","医療終身保険（無解約払戻金型）","2","20","69","","0","benefit","4000","insurancePeriodClass","3","insurancePeriod","3000","paymentPeriodClass","3","paymentPeriod","3000","hosCovPayLimitClass","060","benefitPayConvCls","1","disHsptUnlmtDaysSpPrv","1","freeOfPRiderFlg","0","freeOfPremiumRiderCls","000"
"3","31A005","1","31A","310","001","医療終身保険（無解約払戻金型）","2","20","69","","0","benefit","4000","insurancePeriodClass","3","insurancePeriod","3000","paymentPeriodClass","3","paymentPeriod","3000","hosCovPayLimitClass","060","benefitPayConvCls","1","disHsptUnlmtDaysSpPrv","1","freeOfPRiderFlg","0","freeOfPremiumRiderCls","000"
"1","31E002","1","31E","310","001","特定疾病一時給付保険（無解約払戻金型）（２０）","2","20","69","1","1","benefit","500000","insurancePeriodClass","3","insurancePeriod","3000","paymentPeriodClass","3","paymentPeriod","3000","diseaseCoverageType","6","benefitFirstPayConvCls","1","freeOfPRiderFlg","0","freeOfPremiumRiderCls","000","",""
"2","31E002","1","31E","310","001","特定疾病一時給付保険（無解約払戻金型）（２０）","2","20","69","","0","benefit","500000","insurancePeriodClass","3","insurancePeriod","3000","paymentPeriodClass","3","paymentPeriod","3000","diseaseCoverageType","6","benefitFirstPayConvCls","1","freeOfPRiderFlg","0","freeOfPremiumRiderCls","000","",""
"3","31E002","1","31E","310","001","特定疾病一時給付保険（無解約払戻金型）（２０）","2","20","69","","0","benefit","500000","insurancePeriodClass","3","insurancePeriod","3000","paymentPeriodClass","3","paymentPeriod","3000","diseaseCoverageType","6","benefitFirstPayConvCls","1","freeOfPRiderFlg","0","freeOfPremiumRiderCls","000","",""
"1","31C003","1","31C","310","001","引受緩和型医療終身保険（無解約払戻金型）","2","20","69","1","1","benefit","5000","insurancePeriodClass","3","insurancePeriod","3000","paymentPeriodClass","3","paymentPeriod","3000","hosCovPayLimitClass","060","benefitPayConvCls","1","disHsptUnlmtDaysSpPrv","1","freeOfPRiderFlg","0","freeOfPremiumRiderCls","000"
"2","31C003","1","31C","310","001","引受緩和型医療終身保険（無解約払戻金型）","2","20","69","","0","benefit","5000","insurancePeriodClass","3","insurancePeriod","3000","paymentPeriodClass","3","paymentPeriod","3000","hosCovPayLimitClass","060","benefitPayConvCls","1","disHsptUnlmtDaysSpPrv","1","freeOfPRiderFlg","0","freeOfPremiumRiderCls","000"
"3","31C003","1","31C","310","001","引受緩和型医療終身保険（無解約払戻金型）","2","20","69","","0","benefit","5000","insurancePeriodClass","3","insurancePeriod","3000","paymentPeriodClass","3","paymentPeriod","3000","hosCovPayLimitClass","060","benefitPayConvCls","1","disHsptUnlmtDaysSpPrv","1","freeOfPRiderFlg","0","freeOfPremiumRiderCls","000"
"1","31D002","1","31D","310","001","引受緩和型３大疾病一時給付保険（無解約払戻金型）","2","20","69","0","1","benefit","500000","insurancePeriodClass","3","insurancePeriod","3000","paymentPeriodClass","3","paymentPeriod","3000","benefitFirstPayConvCls","1","freeOfPRiderFlg","0","freeOfPremiumRiderCls","000","","","",""
"2","31D002","1","31D","310","001","引受緩和型３大疾病一時給付保険（無解約払戻金型）","2","20","69","","0","benefit","500000","insurancePeriodClass","3","insurancePeriod","3000","paymentPeriodClass","3","paymentPeriod","3000","benefitFirstPayConvCls","1","freeOfPRiderFlg","0","freeOfPremiumRiderCls","000","","","",""
"3","31D002","1","31D","310","001","引受緩和型３大疾病一時給付保険（無解約払戻金型）","2","20","69","","0","benefit","500000","insurancePeriodClass","3","insurancePeriod","3000","paymentPeriodClass","3","paymentPeriod","3000","benefitFirstPayConvCls","1","freeOfPRiderFlg","0","freeOfPremiumRiderCls","000","","","",""
"1","03A003","1","03A","030","001","定期保険（無解約払戻金型）","2","20","69","0","1","benefit","5000000","insurancePeriodClass","2","insurancePeriod","60","paymentPeriodClass","2","paymentPeriod","60","freeOfPRiderFlg","0","freeOfPremiumRiderCls","000","","","","","",""
"2","03A003","1","03A","030","001","定期保険（無解約払戻金型）","2","20","69","","0","benefit","5000000","insurancePeriodClass","2","insurancePeriod","60","paymentPeriodClass","2","paymentPeriod","60","freeOfPRiderFlg","0","freeOfPremiumRiderCls","000","","","","","",""
"3","03A003","1","03A","030","001","定期保険（無解約払戻金型）","2","20","69","","0","benefit","5000000","insurancePeriodClass","2","insurancePeriod","60","paymentPeriodClass","2","paymentPeriod","60","freeOfPRiderFlg","0","freeOfPremiumRiderCls","000","","","","","",""