﻿"1","31A005","1","310","31A","001","医療終身保険（無解約払戻金型）","1","20","69","1","1","benefit","5000","insurancePeriodClass","3","insurancePeriod","3000","paymentPeriodClass","3","paymentPeriod","3000","hosCovPayLimitClass","060","benefitPayConvCls","1","disHsptUnlmtDaysSpPrv","1","freeOfPRiderFlg","1","freeOfPremiumRiderCls","031"
"1","31A005","0","D10","D1B","001","入院一時給付特約","1","20","69","","","benefit","5000","insurancePeriodClass","3","insurancePeriod","3000","paymentPeriodClass","3","paymentPeriod","3000","","","","","","","","",""
"1","31A005","0","D10","D1D","001","退院後通院特約","1","20","69","","","benefit","5000","insurancePeriodClass","3","insurancePeriod","3000","paymentPeriodClass","3","paymentPeriod","3000","","","","","","","","",""
"1","31A005","0","D10","D1A","001","先進医療特約","1","20","69","","","additionType","1","insurancePeriodClass","3","insurancePeriod","3000","paymentPeriodClass","3","paymentPeriod","3000","","","","","","","","",""
"1","31A005","0","D10","D1R","001","特定疾病一時給付特約（２０）","1","20","69","","","benefit","50000","insurancePeriodClass","3","insurancePeriod","3000","paymentPeriodClass","3","paymentPeriod","3000","diseaseCoverageType","6","benefitFirstPayConvCls","1","","","","",""
"1","31A005","0","D10","D1F","001","抗がん剤・ホルモン剤治療特約","1","20","69","","","benefit","5000","insurancePeriodClass","3","insurancePeriod","3000","paymentPeriodClass","3","paymentPeriod","3000","","","","","","","","",""
"1","31A005","0","D10","D1E","001","特定損傷特約","1","20","69","","","benefit","10000","insurancePeriodClass","3","insurancePeriod","3000","paymentPeriodClass","3","paymentPeriod","3000","","","","","","","","",""
"1","31A005","0","D10","D1P","001","がん一時給付特約","1","20","69","","","benefit","50000","insurancePeriodClass","3","insurancePeriod","3000","paymentPeriodClass","3","paymentPeriod","3000","","","","","","","","",""
"1","31A005","0","D10","31A","001","特定疾病保険料払込免除特約","1","20","69","","","additionType","1","insurancePeriodClass","3","insurancePeriod","3000","paymentPeriodClass","3","paymentPeriod","3000","freeOfPremiumRiderCls","031","","","","","","",""
"2","31A005","1","310","31A","001","医療終身保険（無解約払戻金型）","1","20","69","","0","benefit","5000","insurancePeriodClass","3","insurancePeriod","3000","paymentPeriodClass","3","paymentPeriod","3000","hosCovPayLimitClass","060","benefitPayConvCls","1","disHsptUnlmtDaysSpPrv","2","freeOfPRiderFlg","1","freeOfPremiumRiderCls","031"
"2","31A005","0","D10","D1B","001","入院一時給付特約","1","20","69","","","benefit","5000","insurancePeriodClass","3","insurancePeriod","3000","paymentPeriodClass","3","paymentPeriod","3000","","","","","","","","",""
"2","31A005","0","D10","D1D","001","退院後通院特約","1","20","69","","","benefit","5000","insurancePeriodClass","3","insurancePeriod","3000","paymentPeriodClass","3","paymentPeriod","3000","","","","","","","","",""
"2","31A005","0","D10","D1A","001","先進医療特約","1","20","69","","","additionType","1","insurancePeriodClass","3","insurancePeriod","3000","paymentPeriodClass","3","paymentPeriod","3000","","","","","","","","",""
"2","31A005","0","D10","D1R","001","特定疾病一時給付特約（２０）","1","20","69","","","benefit","50000","insurancePeriodClass","3","insurancePeriod","3000","paymentPeriodClass","3","paymentPeriod","3000","diseaseCoverageType","6","benefitFirstPayConvCls","1","","","","",""
"2","31A005","0","D10","D1F","001","抗がん剤・ホルモン剤治療特約","1","20","69","","","benefit","5000","insurancePeriodClass","3","insurancePeriod","3000","paymentPeriodClass","3","paymentPeriod","3000","","","","","","","","",""
"2","31A005","0","D10","D1E","001","特定損傷特約","1","20","69","","","benefit","10000","insurancePeriodClass","3","insurancePeriod","3000","paymentPeriodClass","3","paymentPeriod","3000","","","","","","","","",""
"2","31A005","0","D10","D1P","001","がん一時給付特約","1","20","69","","","benefit","50000","insurancePeriodClass","3","insurancePeriod","3000","paymentPeriodClass","3","paymentPeriod","3000","","","","","","","","",""
"2","31A005","0","D10","31A","001","特定疾病保険料払込免除特約","1","20","69","","","additionType","1","insurancePeriodClass","3","insurancePeriod","3000","paymentPeriodClass","3","paymentPeriod","3000","freeOfPremiumRiderCls","031","","","","","","",""
"3","31A005","1","310","31A","001","医療終身保険（無解約払戻金型）","1","20","69","","0","benefit","5000","insurancePeriodClass","3","insurancePeriod","3000","paymentPeriodClass","3","paymentPeriod","3000","hosCovPayLimitClass","060","benefitPayConvCls","1","disHsptUnlmtDaysSpPrv","2","freeOfPRiderFlg","1","freeOfPremiumRiderCls","031"
"3","31A005","0","D10","D1B","001","入院一時給付特約","1","20","69","","","benefit","5000","insurancePeriodClass","3","insurancePeriod","3000","paymentPeriodClass","3","paymentPeriod","3000","","","","","","","","",""
"3","31A005","0","D10","D1D","001","退院後通院特約","1","20","69","","","benefit","5000","insurancePeriodClass","3","insurancePeriod","3000","paymentPeriodClass","3","paymentPeriod","3000","","","","","","","","",""
"3","31A005","0","D10","D1A","001","先進医療特約","1","20","69","","","additionType","1","insurancePeriodClass","3","insurancePeriod","3000","paymentPeriodClass","3","paymentPeriod","3000","","","","","","","","",""
"3","31A005","0","D10","D1R","001","特定疾病一時給付特約（２０）","1","20","69","","","benefit","50000","insurancePeriodClass","3","insurancePeriod","3000","paymentPeriodClass","3","paymentPeriod","3000","diseaseCoverageType","6","benefitFirstPayConvCls","1","","","","",""
"3","31A005","0","D10","D1F","001","抗がん剤・ホルモン剤治療特約","1","20","69","","","benefit","5000","insurancePeriodClass","3","insurancePeriod","3000","paymentPeriodClass","3","paymentPeriod","3000","","","","","","","","",""
"3","31A005","0","D10","D1E","001","特定損傷特約","1","20","69","","","benefit","10000","insurancePeriodClass","3","insurancePeriod","3000","paymentPeriodClass","3","paymentPeriod","3000","","","","","","","","",""
"3","31A005","0","D10","D1P","001","がん一時給付特約","1","20","69","","","benefit","50000","insurancePeriodClass","3","insurancePeriod","3000","paymentPeriodClass","3","paymentPeriod","3000","","","","","","","","",""
"3","31A005","0","D10","31A","001","特定疾病保険料払込免除特約","1","20","69","","","additionType","1","insurancePeriodClass","3","insurancePeriod","3000","paymentPeriodClass","3","paymentPeriod","3000","freeOfPremiumRiderCls","031","","","","","","",""
"1","31E002","1","310","31E","001","特定疾病一時給付保険（無解約払戻金型）（２０）","1","20","69","1","1","benefit","5000","insurancePeriodClass","3","insurancePeriod","3000","paymentPeriodClass","3","paymentPeriod","3000","diseaseCoverageType","6","benefitFirstPayConvCls","1","freeOfPRiderFlg","1","freeOfPremiumRiderCls","031",""
"1","31E002","0","D10","D1A","001","先進医療特約","1","20","69","","","additionType","1","insurancePeriodClass","3","insurancePeriod","3000","paymentPeriodClass","3","paymentPeriod","3000","","","","","","","","",""
"1","31E002","0","D10","D1F","001","抗がん剤・ホルモン剤治療特約","1","20","69","","","benefit","5000","insurancePeriodClass","3","insurancePeriod","3000","paymentPeriodClass","3","paymentPeriod","3000","","","","","","","","",""
"1","31E002","0","D10","D1P","001","がん一時給付特約","1","20","69","","","benefit","5000","insurancePeriodClass","3","insurancePeriod","3000","paymentPeriodClass","3","paymentPeriod","3000","","","","","","","","",""
"1","31E002","0","D10","31E","001","特定疾病保険料払込免除特約","1","20","69","","","additionType","1","insurancePeriodClass","3","insurancePeriod","3000","paymentPeriodClass","3","paymentPeriod","3000","freeOfPremiumRiderCls","031","","","","","","",""
"2","31E002","1","310","31E","001","特定疾病一時給付保険（無解約払戻金型）（２０）","1","20","69","","0","benefit","5000","insurancePeriodClass","3","insurancePeriod","3000","paymentPeriodClass","3","paymentPeriod","3000","diseaseCoverageType","6","benefitFirstPayConvCls","1","freeOfPRiderFlg","1","freeOfPremiumRiderCls","031",""
"2","31E002","0","D10","D1A","001","先進医療特約","1","20","69","","","additionType","1","insurancePeriodClass","3","insurancePeriod","3000","paymentPeriodClass","3","paymentPeriod","3000","","","","","","","","",""
"2","31E002","0","D10","D1F","001","抗がん剤・ホルモン剤治療特約","1","20","69","","","benefit","5000","insurancePeriodClass","3","insurancePeriod","3000","paymentPeriodClass","3","paymentPeriod","3000","","","","","","","","",""
"2","31E002","0","D10","D1P","001","がん一時給付特約","1","20","69","","","benefit","5000","insurancePeriodClass","3","insurancePeriod","3000","paymentPeriodClass","3","paymentPeriod","3000","","","","","","","","",""
"2","31E002","0","D10","31E","001","特定疾病保険料払込免除特約","1","20","69","","","additionType","1","insurancePeriodClass","3","insurancePeriod","3000","paymentPeriodClass","3","paymentPeriod","3000","freeOfPremiumRiderCls","031","","","","","","",""
"3","31E002","1","310","31E","001","特定疾病一時給付保険（無解約払戻金型）（２０）","1","20","69","","0","benefit","5000","insurancePeriodClass","3","insurancePeriod","3000","paymentPeriodClass","3","paymentPeriod","3000","diseaseCoverageType","6","benefitFirstPayConvCls","1","freeOfPRiderFlg","1","freeOfPremiumRiderCls","031",""
"3","31E002","0","D10","D1A","001","先進医療特約","1","20","69","","","additionType","1","insurancePeriodClass","3","insurancePeriod","3000","paymentPeriodClass","3","paymentPeriod","3000","","","","","","","","",""
"3","31E002","0","D10","D1F","001","抗がん剤・ホルモン剤治療特約","1","20","69","","","benefit","5000","insurancePeriodClass","3","insurancePeriod","3000","paymentPeriodClass","3","paymentPeriod","3000","","","","","","","","",""
"3","31E002","0","D10","D1P","001","がん一時給付特約","1","20","69","","","benefit","5000","insurancePeriodClass","3","insurancePeriod","3000","paymentPeriodClass","3","paymentPeriod","3000","","","","","","","","",""
"3","31E002","0","D10","31E","001","特定疾病保険料払込免除特約","1","20","69","","","additionType","1","insurancePeriodClass","3","insurancePeriod","3000","paymentPeriodClass","3","paymentPeriod","3000","freeOfPremiumRiderCls","031","","","","","","",""
"1","31C003","1","310","31C","001","引受緩和型医療終身保険（無解約払戻金型）","1","20","69","0","1","benefit","5000","insurancePeriodClass","3","insurancePeriod","3000","paymentPeriodClass","3","paymentPeriod","3000","hosCovPayLimitClass","1","benefitPayConvCls","1","disHsptUnlmtDaysSpPrv","1","freeOfPRiderFlg","1","freeOfPremiumRiderCls","011"
"1","31C003","0","D10","D1J","001","引受緩和型入院一時給付特約","1","20","69","","","benefit","5000","insurancePeriodClass","3","insurancePeriod","3000","paymentPeriodClass","3","paymentPeriod","3000","","","","","","","","",""
"1","31C003","0","D10","D1L","001","引受緩和型退院後通院特約","1","20","69","","","benefit","1","insurancePeriodClass","3","insurancePeriod","3000","paymentPeriodClass","3","paymentPeriod","3000","","","","","","","","",""
"1","31C003","0","D10","D1H","001","引受緩和型先進医療特約","1","20","69","","","additionType","5000","insurancePeriodClass","3","insurancePeriod","3000","paymentPeriodClass","3","paymentPeriod","3000","","","","","","","","",""
"1","31C003","0","D10","D1N","001","引受緩和型特定疾病一時給付特約","1","20","69","","","benefit","5000","insurancePeriodClass","3","insurancePeriod","3000","paymentPeriodClass","3","paymentPeriod","3000","diseaseCoverageType","6","benefitFirstPayConvCls","1","","","","",""
"1","31C003","0","D10","D1M","001","引受緩和型抗がん剤・ホルモン剤治療特約","1","20","69","","","benefit","5000","insurancePeriodClass","3","insurancePeriod","3000","paymentPeriodClass","3","paymentPeriod","3000","","","","","","","","",""
"1","31C003","0","D10","31C","001","引受緩和型３大疾病保険料払込免除特約","1","20","69","","","additionType","1","insurancePeriodClass","3","insurancePeriod","3000","paymentPeriodClass","3","paymentPeriod","3000","freeOfPremiumRiderCls","011","","","","","","",""
"2","31C003","1","310","31C","001","引受緩和型医療終身保険（無解約払戻金型）","1","20","69","","0","benefit","5000","insurancePeriodClass","3","insurancePeriod","3000","paymentPeriodClass","3","paymentPeriod","3000","hosCovPayLimitClass","1","benefitPayConvCls","1","disHsptUnlmtDaysSpPrv","1","freeOfPRiderFlg","1","freeOfPremiumRiderCls","011"
"2","31C003","0","D10","D1J","001","引受緩和型入院一時給付特約","1","20","69","","","benefit","1","insurancePeriodClass","3","insurancePeriod","3000","paymentPeriodClass","3","paymentPeriod","3000","","","","","","","","",""
"2","31C003","0","D10","D1L","001","引受緩和型退院後通院特約","1","20","69","","","benefit","5000","insurancePeriodClass","3","insurancePeriod","3000","paymentPeriodClass","3","paymentPeriod","3000","","","","","","","","",""
"2","31C003","0","D10","D1H","001","引受緩和型先進医療特約","1","20","69","","","additionType","5000","insurancePeriodClass","3","insurancePeriod","3000","paymentPeriodClass","3","paymentPeriod","3000","","","","","","","","",""
"2","31C003","0","D10","D1N","001","引受緩和型特定疾病一時給付特約","1","20","69","","","benefit","5000","insurancePeriodClass","3","insurancePeriod","3000","paymentPeriodClass","3","paymentPeriod","3000","diseaseCoverageType","6","benefitFirstPayConvCls","1","","","","",""
"2","31C003","0","D10","D1M","001","引受緩和型抗がん剤・ホルモン剤治療特約","1","20","69","","","benefit","5000","insurancePeriodClass","3","insurancePeriod","3000","paymentPeriodClass","3","paymentPeriod","3000","","","","","","","","",""
"2","31C003","0","D10","31C","001","引受緩和型３大疾病保険料払込免除特約","1","20","69","","","additionType","1","insurancePeriodClass","3","insurancePeriod","3000","paymentPeriodClass","3","paymentPeriod","3000","freeOfPremiumRiderCls","011","","","","","","",""
"3","31C003","1","310","31C","001","引受緩和型医療終身保険（無解約払戻金型）","1","20","69","","0","benefit","5000","insurancePeriodClass","3","insurancePeriod","3000","paymentPeriodClass","3","paymentPeriod","3000","hosCovPayLimitClass","1","benefitPayConvCls","1","disHsptUnlmtDaysSpPrv","1","freeOfPRiderFlg","1","freeOfPremiumRiderCls","011"
"3","31C003","0","D10","D1J","001","引受緩和型入院一時給付特約","1","20","69","","","benefit","1","insurancePeriodClass","3","insurancePeriod","3000","paymentPeriodClass","3","paymentPeriod","3000","","","","","","","","",""
"3","31C003","0","D10","D1L","001","引受緩和型退院後通院特約","1","20","69","","","benefit","5000","insurancePeriodClass","3","insurancePeriod","3000","paymentPeriodClass","3","paymentPeriod","3000","","","","","","","","",""
"3","31C003","0","D10","D1H","001","引受緩和型先進医療特約","1","20","69","","","additionType","5000","insurancePeriodClass","3","insurancePeriod","3000","paymentPeriodClass","3","paymentPeriod","3000","","","","","","","","",""
"3","31C003","0","D10","D1N","001","引受緩和型特定疾病一時給付特約","1","20","69","","","benefit","5000","insurancePeriodClass","3","insurancePeriod","3000","paymentPeriodClass","3","paymentPeriod","3000","diseaseCoverageType","6","benefitFirstPayConvCls","1","","","","",""
"3","31C003","0","D10","D1M","001","引受緩和型抗がん剤・ホルモン剤治療特約","1","20","69","","","benefit","5000","insurancePeriodClass","3","insurancePeriod","3000","paymentPeriodClass","3","paymentPeriod","3000","","","","","","","","",""
"3","31C003","0","D10","31C","001","引受緩和型３大疾病保険料払込免除特約","1","20","69","","","additionType","1","insurancePeriodClass","3","insurancePeriod","3000","paymentPeriodClass","3","paymentPeriod","3000","freeOfPremiumRiderCls","011","","","","","","",""
"1","31D002","1","310","31D","001","引受緩和型３大疾病一時給付保険（無解約払戻金型）","1","20","69","0","1","benefit","5000","insurancePeriodClass","3","insurancePeriod","3000","paymentPeriodClass","3","paymentPeriod","3000","benefitFirstPayConvCls","1","freeOfPRiderFlg","1","freeOfPremiumRiderCls","011","","",""
"1","31D002","0","D10","D1Q","001","引受緩和型がん一時給付特約","1","20","69","","","benefit","5000","insurancePeriodClass","3","insurancePeriod","3000","paymentPeriodClass","3","paymentPeriod","3000","","","","","","","","",""
"1","31D002","0","D10","D1H","001","引受緩和型先進医療特約","1","20","69","","","additionType","1","insurancePeriodClass","3","insurancePeriod","3000","paymentPeriodClass","3","paymentPeriod","3000","","","","","","","","",""
"1","31D002","0","D10","D1M","001","引受緩和型抗がん剤・ホルモン剤治療特約","1","20","69","","","benefit","50000","insurancePeriodClass","3","insurancePeriod","3000","paymentPeriodClass","3","paymentPeriod","3000","","","","","","","","",""
"1","31D002","0","D10","31D","001","引受緩和型３大疾病保険料払込免除特約","1","20","69","","","additionType","1","insurancePeriodClass","3","insurancePeriod","3000","paymentPeriodClass","3","paymentPeriod","3000","freeOfPremiumRiderCls","011","","","","","","",""
"2","31D002","1","310","31D","001","引受緩和型３大疾病一時給付保険（無解約払戻金型）","1","20","69","","0","benefit","5000","insurancePeriodClass","3","insurancePeriod","3000","paymentPeriodClass","3","paymentPeriod","3000","benefitFirstPayConvCls","1","freeOfPRiderFlg","1","freeOfPremiumRiderCls","011","","",""
"2","31D002","0","D10","D1Q","001","引受緩和型がん一時給付特約","1","20","69","","","benefit","5000","insurancePeriodClass","3","insurancePeriod","3000","paymentPeriodClass","3","paymentPeriod","3000","","","","","","","","",""
"2","31D002","0","D10","D1H","001","引受緩和型先進医療特約","1","20","69","","","additionType","1","insurancePeriodClass","3","insurancePeriod","3000","paymentPeriodClass","3","paymentPeriod","3000","","","","","","","","",""
"2","31D002","0","D10","D1M","001","引受緩和型抗がん剤・ホルモン剤治療特約","1","20","69","","","benefit","50000","insurancePeriodClass","3","insurancePeriod","3000","paymentPeriodClass","3","paymentPeriod","3000","","","","","","","","",""
"2","31D002","0","D10","31D","001","引受緩和型３大疾病保険料払込免除特約","1","20","69","","","additionType","1","insurancePeriodClass","3","insurancePeriod","3000","paymentPeriodClass","3","paymentPeriod","3000","freeOfPremiumRiderCls","011","","","","","","",""
"3","31D002","1","310","31D","001","引受緩和型３大疾病一時給付保険（無解約払戻金型）","1","20","69","","0","benefit","5000","insurancePeriodClass","3","insurancePeriod","3000","paymentPeriodClass","3","paymentPeriod","3000","benefitFirstPayConvCls","1","freeOfPRiderFlg","1","freeOfPremiumRiderCls","011","","",""
"3","31D002","0","D10","D1Q","001","引受緩和型がん一時給付特約","1","20","69","","","benefit","5000","insurancePeriodClass","3","insurancePeriod","3000","paymentPeriodClass","3","paymentPeriod","3000","","","","","","","","",""
"3","31D002","0","D10","D1H","001","引受緩和型先進医療特約","1","20","69","","","additionType","1","insurancePeriodClass","3","insurancePeriod","3000","paymentPeriodClass","3","paymentPeriod","3000","","","","","","","","",""
"3","31D002","0","D10","D1M","001","引受緩和型抗がん剤・ホルモン剤治療特約","1","20","69","","","benefit","50000","insurancePeriodClass","3","insurancePeriod","3000","paymentPeriodClass","3","paymentPeriod","3000","","","","","","","","",""
"3","31D002","0","D10","31D","001","引受緩和型３大疾病保険料払込免除特約","1","20","69","","","additionType","1","insurancePeriodClass","3","insurancePeriod","3000","paymentPeriodClass","3","paymentPeriod","3000","freeOfPremiumRiderCls","011","","","","","","",""
"1","03A003","1","030","03A","001","定期保険（無解約払戻金型）","1","20","69","0","1","benefit","5000","insurancePeriodClass","3","insurancePeriod","3000","paymentPeriodClass","3","paymentPeriod","3000","freeOfPRiderFlg","1","freeOfPremiumRiderCls","001","","","","",""
"1","03A003","0","030","03A","001","３大疾病保険料払込免除特約","1","20","69","","","additionType","1","insurancePeriodClass","3","insurancePeriod","3000","paymentPeriodClass","3","paymentPeriod","3000","freeOfPremiumRiderCls","","","","","","","",""
"2","03A003","1","030","03A","001","定期保険（無解約払戻金型）","1","20","69","","0","benefit","5000","insurancePeriodClass","3","insurancePeriod","3000","paymentPeriodClass","3","paymentPeriod","3000","freeOfPRiderFlg","1","freeOfPremiumRiderCls","001","","","","",""
"2","03A003","0","030","03A","001","３大疾病保険料払込免除特約","1","20","69","","","additionType","1","insurancePeriodClass","3","insurancePeriod","3000","paymentPeriodClass","3","paymentPeriod","3000","freeOfPremiumRiderCls","001","","","","","","",""
"3","03A003","1","030","03A","001","定期保険（無解約払戻金型）","1","20","69","","0","benefit","5000","insurancePeriodClass","3","insurancePeriod","3000","paymentPeriodClass","3","paymentPeriod","3000","freeOfPRiderFlg","1","freeOfPremiumRiderCls","001","","","","",""
"3","03A003","0","030","03A","001","３大疾病保険料払込免除特約","1","20","69","","","additionType","1","insurancePeriodClass","3","insurancePeriod","3000","paymentPeriodClass","3","paymentPeriod","3000","freeOfPremiumRiderCls","001","","","","","","",""
"1","31A005","1","310","31A","001","医療終身保険（無解約払戻金型）","2","20","69","1","1","benefit","5000","insurancePeriodClass","3","insurancePeriod","3000","paymentPeriodClass","3","paymentPeriod","3000","hosCovPayLimitClass","060","benefitPayConvCls","1","disHsptUnlmtDaysSpPrv","1","freeOfPRiderFlg","1","freeOfPremiumRiderCls","031"
"1","31A005","0","D10","D1B","001","入院一時給付特約","2","20","69","","","benefit","5000","insurancePeriodClass","3","insurancePeriod","3000","paymentPeriodClass","3","paymentPeriod","3000","","","","","","","","",""
"1","31A005","0","D10","D1C","001","女性医療特約","2","20","69","","","benefit","5000","insurancePeriodClass","3","insurancePeriod","3000","paymentPeriodClass","3","paymentPeriod","3000","hosCovPayLimitClass","060","disHsptUnlmtDaysSpPrv","1","","","","",""
"1","31A005","0","D10","D1D","001","退院後通院特約","2","20","69","","","benefit","5000","insurancePeriodClass","3","insurancePeriod","3000","paymentPeriodClass","3","paymentPeriod","3000","","","","","","","","",""
"1","31A005","0","D10","D1A","001","先進医療特約","2","20","69","","","additionType","1","insurancePeriodClass","3","insurancePeriod","3000","paymentPeriodClass","3","paymentPeriod","3000","","","","","","","","",""
"1","31A005","0","D10","D1R","001","特定疾病一時給付特約（２０）","2","20","69","","","benefit","50000","insurancePeriodClass","3","insurancePeriod","3000","paymentPeriodClass","3","paymentPeriod","3000","diseaseCoverageType","6","benefitFirstPayConvCls","1","","","","",""
"1","31A005","0","D10","D1F","001","抗がん剤・ホルモン剤治療特約","2","20","69","","","benefit","5000","insurancePeriodClass","3","insurancePeriod","3000","paymentPeriodClass","3","paymentPeriod","3000","","","","","","","","",""
"1","31A005","0","D10","D1E","001","特定損傷特約","2","20","69","","","benefit","10000","insurancePeriodClass","3","insurancePeriod","3000","paymentPeriodClass","3","paymentPeriod","3000","","","","","","","","",""
"1","31A005","0","D10","D1S","001","女性疾病入院一時給付特約","2","20","69","","","benefit","50000","insurancePeriodClass","3","insurancePeriod","3000","paymentPeriodClass","3","paymentPeriod","3000","","","","","","","","",""
"1","31A005","0","D10","D1P","001","がん一時給付特約","2","20","69","","","benefit","50000","insurancePeriodClass","3","insurancePeriod","3000","paymentPeriodClass","3","paymentPeriod","3000","","","","","","","","",""
"1","31A005","0","D10","31A","001","特定疾病保険料払込免除特約","2","20","69","","","additionType","1","insurancePeriodClass","3","insurancePeriod","3000","paymentPeriodClass","3","paymentPeriod","3000","freeOfPremiumRiderCls","031","","","","","","",""
"2","31A005","1","310","31A","001","医療終身保険（無解約払戻金型）","2","20","69","","0","benefit","5000","insurancePeriodClass","3","insurancePeriod","3000","paymentPeriodClass","3","paymentPeriod","3000","hosCovPayLimitClass","060","benefitPayConvCls","1","disHsptUnlmtDaysSpPrv","2","freeOfPRiderFlg","1","freeOfPremiumRiderCls","031"
"2","31A005","0","D10","D1B","001","入院一時給付特約","2","20","69","","","benefit","5000","insurancePeriodClass","3","insurancePeriod","3000","paymentPeriodClass","3","paymentPeriod","3000","","","","","","","","",""
"2","31A005","0","D10","D1C","001","女性医療特約","2","20","69","","","benefit","5000","insurancePeriodClass","3","insurancePeriod","3000","paymentPeriodClass","3","paymentPeriod","3000","hosCovPayLimitClass","060","disHsptUnlmtDaysSpPrv","1","","","","",""
"2","31A005","0","D10","D1D","001","退院後通院特約","2","20","69","","","benefit","5000","insurancePeriodClass","3","insurancePeriod","3000","paymentPeriodClass","3","paymentPeriod","3000","","","","","","","","",""
"2","31A005","0","D10","D1A","001","先進医療特約","2","20","69","","","additionType","1","insurancePeriodClass","3","insurancePeriod","3000","paymentPeriodClass","3","paymentPeriod","3000","","","","","","","","",""
"2","31A005","0","D10","D1R","001","特定疾病一時給付特約（２０）","2","20","69","","","benefit","50000","insurancePeriodClass","3","insurancePeriod","3000","paymentPeriodClass","3","paymentPeriod","3000","diseaseCoverageType","6","benefitFirstPayConvCls","1","","","","",""
"2","31A005","0","D10","D1F","001","抗がん剤・ホルモン剤治療特約","2","20","69","","","benefit","5000","insurancePeriodClass","3","insurancePeriod","3000","paymentPeriodClass","3","paymentPeriod","3000","","","","","","","","",""
"2","31A005","0","D10","D1E","001","特定損傷特約","2","20","69","","","benefit","10000","insurancePeriodClass","3","insurancePeriod","3000","paymentPeriodClass","3","paymentPeriod","3000","","","","","","","","",""
"2","31A005","0","D10","D1S","001","女性疾病入院一時給付特約","2","20","69","","","benefit","50000","insurancePeriodClass","3","insurancePeriod","3000","paymentPeriodClass","3","paymentPeriod","3000","","","","","","","","",""
"2","31A005","0","D10","D1P","001","がん一時給付特約","2","20","69","","","benefit","50000","insurancePeriodClass","3","insurancePeriod","3000","paymentPeriodClass","3","paymentPeriod","3000","","","","","","","","",""
"2","31A005","0","D10","31A","001","特定疾病保険料払込免除特約","2","20","69","","","additionType","1","insurancePeriodClass","3","insurancePeriod","3000","paymentPeriodClass","3","paymentPeriod","3000","freeOfPremiumRiderCls","031","","","","","","",""
"3","31A005","1","310","31A","001","医療終身保険（無解約払戻金型）","2","20","69","","0","benefit","5000","insurancePeriodClass","3","insurancePeriod","3000","paymentPeriodClass","3","paymentPeriod","3000","hosCovPayLimitClass","060","benefitPayConvCls","1","disHsptUnlmtDaysSpPrv","2","freeOfPRiderFlg","1","freeOfPremiumRiderCls","031"
"3","31A005","0","D10","D1B","001","入院一時給付特約","2","20","69","","","benefit","5000","insurancePeriodClass","3","insurancePeriod","3000","paymentPeriodClass","3","paymentPeriod","3000","","","","","","","","",""
"3","31A005","0","D10","D1C","001","女性医療特約","2","20","69","","","benefit","5000","insurancePeriodClass","3","insurancePeriod","3000","paymentPeriodClass","3","paymentPeriod","3000","hosCovPayLimitClass","060","disHsptUnlmtDaysSpPrv","1","","","","",""
"3","31A005","0","D10","D1D","001","退院後通院特約","2","20","69","","","benefit","5000","insurancePeriodClass","3","insurancePeriod","3000","paymentPeriodClass","3","paymentPeriod","3000","","","","","","","","",""
"3","31A005","0","D10","D1A","001","先進医療特約","2","20","69","","","additionType","1","insurancePeriodClass","3","insurancePeriod","3000","paymentPeriodClass","3","paymentPeriod","3000","","","","","","","","",""
"3","31A005","0","D10","D1R","001","特定疾病一時給付特約（２０）","2","20","69","","","benefit","50000","insurancePeriodClass","3","insurancePeriod","3000","paymentPeriodClass","3","paymentPeriod","3000","diseaseCoverageType","6","benefitFirstPayConvCls","1","","","","",""
"3","31A005","0","D10","D1F","001","抗がん剤・ホルモン剤治療特約","2","20","69","","","benefit","5000","insurancePeriodClass","3","insurancePeriod","3000","paymentPeriodClass","3","paymentPeriod","3000","","","","","","","","",""
"3","31A005","0","D10","D1E","001","特定損傷特約","2","20","69","","","benefit","10000","insurancePeriodClass","3","insurancePeriod","3000","paymentPeriodClass","3","paymentPeriod","3000","","","","","","","","",""
"3","31A005","0","D10","D1S","001","女性疾病入院一時給付特約","2","20","69","","","benefit","50000","insurancePeriodClass","3","insurancePeriod","3000","paymentPeriodClass","3","paymentPeriod","3000","","","","","","","","",""
"3","31A005","0","D10","D1P","001","がん一時給付特約","2","20","69","","","benefit","50000","insurancePeriodClass","3","insurancePeriod","3000","paymentPeriodClass","3","paymentPeriod","3000","","","","","","","","",""
"3","31A005","0","D10","31A","001","特定疾病保険料払込免除特約","2","20","69","","","additionType","1","insurancePeriodClass","3","insurancePeriod","3000","paymentPeriodClass","3","paymentPeriod","3000","freeOfPremiumRiderCls","031","","","","","","",""
"1","31E002","1","310","31E","001","特定疾病一時給付保険（無解約払戻金型）（２０）","2","20","69","1","1","benefit","5000","insurancePeriodClass","3","insurancePeriod","3000","paymentPeriodClass","3","paymentPeriod","3000","diseaseCoverageType","6","benefitFirstPayConvCls","1","freeOfPRiderFlg","1","freeOfPremiumRiderCls","031",""
"1","31E002","0","D10","D1A","001","先進医療特約","2","20","69","","","additionType","1","insurancePeriodClass","3","insurancePeriod","3000","paymentPeriodClass","3","paymentPeriod","3000","","","","","","","","",""
"1","31E002","0","D10","D1F","001","抗がん剤・ホルモン剤治療特約","2","20","69","","","benefit","5000","insurancePeriodClass","3","insurancePeriod","3000","paymentPeriodClass","3","paymentPeriod","3000","","","","","","","","",""
"1","31E002","0","D10","D1P","001","がん一時給付特約","2","20","69","","","benefit","5000","insurancePeriodClass","3","insurancePeriod","3000","paymentPeriodClass","3","paymentPeriod","3000","","","","","","","","",""
"1","31E002","0","D10","31E","001","特定疾病保険料払込免除特約","2","20","69","","","additionType","1","insurancePeriodClass","3","insurancePeriod","3000","paymentPeriodClass","3","paymentPeriod","3000","freeOfPremiumRiderCls","031","","","","","","",""
"2","31E002","1","310","31E","001","特定疾病一時給付保険（無解約払戻金型）（２０）","2","20","69","","0","benefit","5000","insurancePeriodClass","3","insurancePeriod","3000","paymentPeriodClass","3","paymentPeriod","3000","diseaseCoverageType","6","benefitFirstPayConvCls","1","freeOfPRiderFlg","1","freeOfPremiumRiderCls","031",""
"2","31E002","0","D10","D1A","001","先進医療特約","2","20","69","","","additionType","1","insurancePeriodClass","3","insurancePeriod","3000","paymentPeriodClass","3","paymentPeriod","3000","","","","","","","","",""
"2","31E002","0","D10","D1F","001","抗がん剤・ホルモン剤治療特約","2","20","69","","","benefit","5000","insurancePeriodClass","3","insurancePeriod","3000","paymentPeriodClass","3","paymentPeriod","3000","","","","","","","","",""
"2","31E002","0","D10","D1P","001","がん一時給付特約","2","20","69","","","benefit","5000","insurancePeriodClass","3","insurancePeriod","3000","paymentPeriodClass","3","paymentPeriod","3000","","","","","","","","",""
"2","31E002","0","D10","31E","001","特定疾病保険料払込免除特約","2","20","69","","","additionType","1","insurancePeriodClass","3","insurancePeriod","3000","paymentPeriodClass","3","paymentPeriod","3000","freeOfPremiumRiderCls","031","","","","","","",""
"3","31E002","1","310","31E","001","特定疾病一時給付保険（無解約払戻金型）（２０）","2","20","69","","0","benefit","5000","insurancePeriodClass","3","insurancePeriod","3000","paymentPeriodClass","3","paymentPeriod","3000","diseaseCoverageType","6","benefitFirstPayConvCls","1","freeOfPRiderFlg","1","freeOfPremiumRiderCls","031",""
"3","31E002","0","D10","D1A","001","先進医療特約","2","20","69","","","additionType","1","insurancePeriodClass","3","insurancePeriod","3000","paymentPeriodClass","3","paymentPeriod","3000","","","","","","","","",""
"3","31E002","0","D10","D1F","001","抗がん剤・ホルモン剤治療特約","2","20","69","","","benefit","5000","insurancePeriodClass","3","insurancePeriod","3000","paymentPeriodClass","3","paymentPeriod","3000","","","","","","","","",""
"3","31E002","0","D10","D1P","001","がん一時給付特約","2","20","69","","","benefit","5000","insurancePeriodClass","3","insurancePeriod","3000","paymentPeriodClass","3","paymentPeriod","3000","","","","","","","","",""
"3","31E002","0","D10","31E","001","特定疾病保険料払込免除特約","2","20","69","","","additionType","1","insurancePeriodClass","3","insurancePeriod","3000","paymentPeriodClass","3","paymentPeriod","3000","freeOfPremiumRiderCls","031","","","","","","",""
"1","31C003","1","310","31C","001","引受緩和型医療終身保険（無解約払戻金型）","2","20","69","0","1","benefit","5000","insurancePeriodClass","3","insurancePeriod","3000","paymentPeriodClass","3","paymentPeriod","3000","hosCovPayLimitClass","1","benefitPayConvCls","1","disHsptUnlmtDaysSpPrv","1","freeOfPRiderFlg","1","freeOfPremiumRiderCls","011"
"1","31C003","0","D10","D1J","001","引受緩和型入院一時給付特約","2","20","69","","","benefit","5000","insurancePeriodClass","3","insurancePeriod","3000","paymentPeriodClass","3","paymentPeriod","3000","","","","","","","","",""
"1","31C003","0","D10","D1K","001","引受緩和型女性疾病入院特約","2","20","69","","","benefit","1","insurancePeriodClass","3","insurancePeriod","3000","paymentPeriodClass","3","paymentPeriod","3000","hosCovPayLimitClass","060","disHsptUnlmtDaysSpPrv","1","","","","",""
"1","31C003","0","D10","D1L","001","引受緩和型退院後通院特約","2","20","69","","","benefit","1","insurancePeriodClass","3","insurancePeriod","3000","paymentPeriodClass","3","paymentPeriod","3000","","","","","","","","",""
"1","31C003","0","D10","D1H","001","引受緩和型先進医療特約","2","20","69","","","additionType","5000","insurancePeriodClass","3","insurancePeriod","3000","paymentPeriodClass","3","paymentPeriod","3000","","","","","","","","",""
"1","31C003","0","D10","D1N","001","引受緩和型特定疾病一時給付特約","2","20","69","","","benefit","5000","insurancePeriodClass","3","insurancePeriod","3000","paymentPeriodClass","3","paymentPeriod","3000","diseaseCoverageType","6","benefitFirstPayConvCls","1","","","","",""
"1","31C003","0","D10","D1M","001","引受緩和型抗がん剤・ホルモン剤治療特約","2","20","69","","","benefit","5000","insurancePeriodClass","3","insurancePeriod","3000","paymentPeriodClass","3","paymentPeriod","3000","","","","","","","","",""
"1","31C003","0","D10","31C","001","引受緩和型３大疾病保険料払込免除特約","2","20","69","","","additionType","1","insurancePeriodClass","3","insurancePeriod","3000","paymentPeriodClass","3","paymentPeriod","3000","freeOfPremiumRiderCls","011","","","","","","",""
"2","31C003","1","310","31C","001","引受緩和型医療終身保険（無解約払戻金型）","2","20","69","","0","benefit","5000","insurancePeriodClass","3","insurancePeriod","3000","paymentPeriodClass","3","paymentPeriod","3000","hosCovPayLimitClass","1","benefitPayConvCls","1","disHsptUnlmtDaysSpPrv","1","freeOfPRiderFlg","1","freeOfPremiumRiderCls","011"
"2","31C003","0","D10","D1J","001","引受緩和型入院一時給付特約","2","20","69","","","benefit","1","insurancePeriodClass","3","insurancePeriod","3000","paymentPeriodClass","3","paymentPeriod","3000","","","","","","","","",""
"2","31C003","0","D10","D1K","001","引受緩和型女性疾病入院特約","2","20","69","","","benefit","5000","insurancePeriodClass","3","insurancePeriod","3000","paymentPeriodClass","3","paymentPeriod","3000","hosCovPayLimitClass","060","disHsptUnlmtDaysSpPrv","1","","","","",""
"2","31C003","0","D10","D1L","001","引受緩和型退院後通院特約","2","20","69","","","benefit","5000","insurancePeriodClass","3","insurancePeriod","3000","paymentPeriodClass","3","paymentPeriod","3000","","","","","","","","",""
"2","31C003","0","D10","D1H","001","引受緩和型先進医療特約","2","20","69","","","additionType","5000","insurancePeriodClass","3","insurancePeriod","3000","paymentPeriodClass","3","paymentPeriod","3000","","","","","","","","",""
"2","31C003","0","D10","D1N","001","引受緩和型特定疾病一時給付特約","2","20","69","","","benefit","5000","insurancePeriodClass","3","insurancePeriod","3000","paymentPeriodClass","3","paymentPeriod","3000","diseaseCoverageType","6","benefitFirstPayConvCls","1","","","","",""
"2","31C003","0","D10","D1M","001","引受緩和型抗がん剤・ホルモン剤治療特約","2","20","69","","","benefit","5000","insurancePeriodClass","3","insurancePeriod","3000","paymentPeriodClass","3","paymentPeriod","3000","","","","","","","","",""
"2","31C003","0","D10","31C","001","引受緩和型３大疾病保険料払込免除特約","2","20","69","","","additionType","1","insurancePeriodClass","3","insurancePeriod","3000","paymentPeriodClass","3","paymentPeriod","3000","freeOfPremiumRiderCls","011","","","","","","",""
"3","31C003","1","310","31C","001","引受緩和型医療終身保険（無解約払戻金型）","2","20","69","","0","benefit","5000","insurancePeriodClass","3","insurancePeriod","3000","paymentPeriodClass","3","paymentPeriod","3000","hosCovPayLimitClass","1","benefitPayConvCls","1","disHsptUnlmtDaysSpPrv","1","freeOfPRiderFlg","1","freeOfPremiumRiderCls","011"
"3","31C003","0","D10","D1J","001","引受緩和型入院一時給付特約","2","20","69","","","benefit","1","insurancePeriodClass","3","insurancePeriod","3000","paymentPeriodClass","3","paymentPeriod","3000","","","","","","","","",""
"3","31C003","0","D10","D1K","001","引受緩和型女性疾病入院特約","2","20","69","","","benefit","5000","insurancePeriodClass","3","insurancePeriod","3000","paymentPeriodClass","3","paymentPeriod","3000","hosCovPayLimitClass","060","disHsptUnlmtDaysSpPrv","1","","","","",""
"3","31C003","0","D10","D1L","001","引受緩和型退院後通院特約","2","20","69","","","benefit","5000","insurancePeriodClass","3","insurancePeriod","3000","paymentPeriodClass","3","paymentPeriod","3000","","","","","","","","",""
"3","31C003","0","D10","D1H","001","引受緩和型先進医療特約","2","20","69","","","additionType","5000","insurancePeriodClass","3","insurancePeriod","3000","paymentPeriodClass","3","paymentPeriod","3000","","","","","","","","",""
"3","31C003","0","D10","D1N","001","引受緩和型特定疾病一時給付特約","2","20","69","","","benefit","5000","insurancePeriodClass","3","insurancePeriod","3000","paymentPeriodClass","3","paymentPeriod","3000","diseaseCoverageType","6","benefitFirstPayConvCls","1","","","","",""
"3","31C003","0","D10","D1M","001","引受緩和型抗がん剤・ホルモン剤治療特約","2","20","69","","","benefit","5000","insurancePeriodClass","3","insurancePeriod","3000","paymentPeriodClass","3","paymentPeriod","3000","","","","","","","","",""
"3","31C003","0","D10","31C","001","引受緩和型３大疾病保険料払込免除特約","2","20","69","","","additionType","1","insurancePeriodClass","3","insurancePeriod","3000","paymentPeriodClass","3","paymentPeriod","3000","freeOfPremiumRiderCls","011","","","","","","",""
"1","31D002","1","310","31D","001","引受緩和型３大疾病一時給付保険（無解約払戻金型）","2","20","69","0","1","benefit","5000","insurancePeriodClass","3","insurancePeriod","3000","paymentPeriodClass","3","paymentPeriod","3000","benefitFirstPayConvCls","1","freeOfPRiderFlg","1","freeOfPremiumRiderCls","011","","",""
"1","31D002","0","D10","D1Q","001","引受緩和型がん一時給付特約","2","20","69","","","benefit","5000","insurancePeriodClass","3","insurancePeriod","3000","paymentPeriodClass","3","paymentPeriod","3000","","","","","","","","",""
"1","31D002","0","D10","D1H","001","引受緩和型先進医療特約","2","20","69","","","additionType","1","insurancePeriodClass","3","insurancePeriod","3000","paymentPeriodClass","3","paymentPeriod","3000","","","","","","","","",""
"1","31D002","0","D10","D1M","001","引受緩和型抗がん剤・ホルモン剤治療特約","2","20","69","","","benefit","50000","insurancePeriodClass","3","insurancePeriod","3000","paymentPeriodClass","3","paymentPeriod","3000","","","","","","","","",""
"1","31D002","0","D10","31D","001","引受緩和型３大疾病保険料払込免除特約","2","20","69","","","additionType","1","insurancePeriodClass","3","insurancePeriod","3000","paymentPeriodClass","3","paymentPeriod","3000","freeOfPremiumRiderCls","011","","","","","","",""
"2","31D002","1","310","31D","001","引受緩和型３大疾病一時給付保険（無解約払戻金型）","2","20","69","","0","benefit","5000","insurancePeriodClass","3","insurancePeriod","3000","paymentPeriodClass","3","paymentPeriod","3000","benefitFirstPayConvCls","1","freeOfPRiderFlg","1","freeOfPremiumRiderCls","011","","",""
"2","31D002","0","D10","D1Q","001","引受緩和型がん一時給付特約","2","20","69","","","benefit","5000","insurancePeriodClass","3","insurancePeriod","3000","paymentPeriodClass","3","paymentPeriod","3000","","","","","","","","",""
"2","31D002","0","D10","D1H","001","引受緩和型先進医療特約","2","20","69","","","additionType","1","insurancePeriodClass","3","insurancePeriod","3000","paymentPeriodClass","3","paymentPeriod","3000","","","","","","","","",""
"2","31D002","0","D10","D1M","001","引受緩和型抗がん剤・ホルモン剤治療特約","2","20","69","","","benefit","50000","insurancePeriodClass","3","insurancePeriod","3000","paymentPeriodClass","3","paymentPeriod","3000","","","","","","","","",""
"2","31D002","0","D10","31D","001","引受緩和型３大疾病保険料払込免除特約","2","20","69","","","additionType","1","insurancePeriodClass","3","insurancePeriod","3000","paymentPeriodClass","3","paymentPeriod","3000","freeOfPremiumRiderCls","011","","","","","","",""
"3","31D002","1","310","31D","001","引受緩和型３大疾病一時給付保険（無解約払戻金型）","2","20","69","","0","benefit","5000","insurancePeriodClass","3","insurancePeriod","3000","paymentPeriodClass","3","paymentPeriod","3000","benefitFirstPayConvCls","1","freeOfPRiderFlg","1","freeOfPremiumRiderCls","011","","",""
"3","31D002","0","D10","D1Q","001","引受緩和型がん一時給付特約","2","20","69","","","benefit","5000","insurancePeriodClass","3","insurancePeriod","3000","paymentPeriodClass","3","paymentPeriod","3000","","","","","","","","",""
"3","31D002","0","D10","D1H","001","引受緩和型先進医療特約","2","20","69","","","additionType","1","insurancePeriodClass","3","insurancePeriod","3000","paymentPeriodClass","3","paymentPeriod","3000","","","","","","","","",""
"3","31D002","0","D10","D1M","001","引受緩和型抗がん剤・ホルモン剤治療特約","2","20","69","","","benefit","50000","insurancePeriodClass","3","insurancePeriod","3000","paymentPeriodClass","3","paymentPeriod","3000","","","","","","","","",""
"3","31D002","0","D10","31D","001","引受緩和型３大疾病保険料払込免除特約","2","20","69","","","additionType","1","insurancePeriodClass","3","insurancePeriod","3000","paymentPeriodClass","3","paymentPeriod","3000","freeOfPremiumRiderCls","011","","","","","","",""
"1","03A003","1","030","03A","001","定期保険（無解約払戻金型）","2","20","69","0","1","benefit","5000","insurancePeriodClass","3","insurancePeriod","3000","paymentPeriodClass","3","paymentPeriod","3000","freeOfPRiderFlg","1","freeOfPremiumRiderCls","001","","","","",""
"1","03A003","0","030","03A","001","３大疾病保険料払込免除特約","2","20","69","","","additionType","1","insurancePeriodClass","3","insurancePeriod","3000","paymentPeriodClass","3","paymentPeriod","3000","freeOfPremiumRiderCls","","","","","","","",""
"2","03A003","1","030","03A","001","定期保険（無解約払戻金型）","2","20","69","","0","benefit","5000","insurancePeriodClass","3","insurancePeriod","3000","paymentPeriodClass","3","paymentPeriod","3000","freeOfPRiderFlg","1","freeOfPremiumRiderCls","001","","","","",""
"2","03A003","0","030","03A","001","３大疾病保険料払込免除特約","2","20","69","","","additionType","1","insurancePeriodClass","3","insurancePeriod","3000","paymentPeriodClass","3","paymentPeriod","3000","freeOfPremiumRiderCls","001","","","","","","",""
"3","03A003","1","030","03A","001","定期保険（無解約払戻金型）","2","20","69","","0","benefit","5000","insurancePeriodClass","3","insurancePeriod","3000","paymentPeriodClass","3","paymentPeriod","3000","freeOfPRiderFlg","1","freeOfPremiumRiderCls","001","","","","",""
"3","03A003","0","030","03A","001","３大疾病保険料払込免除特約","2","20","69","","","additionType","1","insurancePeriodClass","3","insurancePeriod","3000","paymentPeriodClass","3","paymentPeriod","3000","freeOfPremiumRiderCls","001","","","","","","",""