﻿"1","31A005","1","31A","310","001","医療終身保険（無解約払戻金型）","1","20","69","1","1","benefit","5000","insurancePeriodClass","3","insurancePeriod","3000","paymentPeriodClass","3","paymentPeriod","3000","hosCovPayLimitClass","060","benefitPayConvCls","1","disHsptUnlmtDaysSpPrv","1","freeOfPRiderFlg","1","freeOfPremiumRiderCls","031"
"1","31A005","0","D1B","D10","001","入院一時給付特約","1","20","69","","","benefit","10000","insurancePeriodClass","3","insurancePeriod","3000","paymentPeriodClass","3","paymentPeriod","3000","","","","","","","","","",""
"1","31A005","0","D1D","D10","001","退院後通院特約","1","20","69","","","benefit","5000","insurancePeriodClass","3","insurancePeriod","3000","paymentPeriodClass","3","paymentPeriod","3000","","","","","","","","","",""
"1","31A005","0","D1A","D10","001","先進医療特約","1","20","69","","","additionType","1","insurancePeriodClass","3","insurancePeriod","3000","paymentPeriodClass","3","paymentPeriod","3000","","","","","","","","","",""
"1","31A005","0","D1R","D10","001","特定疾病一時給付特約（２０）","1","20","69","","","benefit","50000","insurancePeriodClass","3","insurancePeriod","3000","paymentPeriodClass","3","paymentPeriod","3000","diseaseCoverageType","6","benefitFirstPayConvCls","1","","","","","",""
"1","31A005","0","D1F","D10","001","抗がん剤・ホルモン剤治療特約","1","20","69","","","benefit","10000","insurancePeriodClass","3","insurancePeriod","3000","paymentPeriodClass","3","paymentPeriod","3000","","","","","","","","","",""
"1","31A005","0","D1E","D10","001","特定損傷特約","1","20","69","","","benefit","50000","insurancePeriodClass","3","insurancePeriod","3000","paymentPeriodClass","3","paymentPeriod","3000","","","","","","","","","",""
"1","31A005","0","D1P","D10","001","がん一時給付特約","1","20","69","","","benefit","100000","insurancePeriodClass","3","insurancePeriod","3000","paymentPeriodClass","3","paymentPeriod","3000","","","","","","","","","",""
"1","31A005","0","31A","D10","001","特定疾病保険料払込免除特約","1","20","69","","","additionType","1","insurancePeriodClass","3","insurancePeriod","3000","paymentPeriodClass","3","paymentPeriod","3000","freeOfPremiumRiderCls","031","","","","","","","",""
"2","31A005","1","31A","310","001","医療終身保険（無解約払戻金型）","1","20","69","","0","benefit","5000","insurancePeriodClass","3","insurancePeriod","3000","paymentPeriodClass","3","paymentPeriod","3000","hosCovPayLimitClass","060","benefitPayConvCls","1","disHsptUnlmtDaysSpPrv","2","freeOfPRiderFlg","1","freeOfPremiumRiderCls","031"
"2","31A005","0","D1B","D10","001","入院一時給付特約","1","20","69","","","benefit","10000","insurancePeriodClass","3","insurancePeriod","3000","paymentPeriodClass","3","paymentPeriod","3000","","","","","","","","","",""
"2","31A005","0","D1D","D10","001","退院後通院特約","1","20","69","","","benefit","5000","insurancePeriodClass","3","insurancePeriod","3000","paymentPeriodClass","3","paymentPeriod","3000","","","","","","","","","",""
"2","31A005","0","D1A","D10","001","先進医療特約","1","20","69","","","additionType","1","insurancePeriodClass","3","insurancePeriod","3000","paymentPeriodClass","3","paymentPeriod","3000","","","","","","","","","",""
"2","31A005","0","D1R","D10","001","特定疾病一時給付特約（２０）","1","20","69","","","benefit","50000","insurancePeriodClass","3","insurancePeriod","3000","paymentPeriodClass","3","paymentPeriod","3000","diseaseCoverageType","6","benefitFirstPayConvCls","1","","","","","",""
"2","31A005","0","D1F","D10","001","抗がん剤・ホルモン剤治療特約","1","20","69","","","benefit","10000","insurancePeriodClass","3","insurancePeriod","3000","paymentPeriodClass","3","paymentPeriod","3000","","","","","","","","","",""
"2","31A005","0","D1E","D10","001","特定損傷特約","1","20","69","","","benefit","50000","insurancePeriodClass","3","insurancePeriod","3000","paymentPeriodClass","3","paymentPeriod","3000","","","","","","","","","",""
"2","31A005","0","D1P","D10","001","がん一時給付特約","1","20","69","","","benefit","100000","insurancePeriodClass","3","insurancePeriod","3000","paymentPeriodClass","3","paymentPeriod","3000","","","","","","","","","",""
"2","31A005","0","31A","D10","001","特定疾病保険料払込免除特約","1","20","69","","","additionType","1","insurancePeriodClass","3","insurancePeriod","3000","paymentPeriodClass","3","paymentPeriod","3000","freeOfPremiumRiderCls","031","","","","","","","",""
"3","31A005","1","31A","310","001","医療終身保険（無解約払戻金型）","1","20","69","","0","benefit","5000","insurancePeriodClass","3","insurancePeriod","3000","paymentPeriodClass","3","paymentPeriod","3000","hosCovPayLimitClass","060","benefitPayConvCls","1","disHsptUnlmtDaysSpPrv","2","freeOfPRiderFlg","1","freeOfPremiumRiderCls","031"
"3","31A005","0","D1B","D10","001","入院一時給付特約","1","20","69","","","benefit","10000","insurancePeriodClass","3","insurancePeriod","3000","paymentPeriodClass","3","paymentPeriod","3000","","","","","","","","","",""
"3","31A005","0","D1D","D10","001","退院後通院特約","1","20","69","","","benefit","5000","insurancePeriodClass","3","insurancePeriod","3000","paymentPeriodClass","3","paymentPeriod","3000","","","","","","","","","",""
"3","31A005","0","D1A","D10","001","先進医療特約","1","20","69","","","additionType","1","insurancePeriodClass","3","insurancePeriod","3000","paymentPeriodClass","3","paymentPeriod","3000","","","","","","","","","",""
"3","31A005","0","D1R","D10","001","特定疾病一時給付特約（２０）","1","20","69","","","benefit","50000","insurancePeriodClass","3","insurancePeriod","3000","paymentPeriodClass","3","paymentPeriod","3000","diseaseCoverageType","6","benefitFirstPayConvCls","1","","","","","",""
"3","31A005","0","D1F","D10","001","抗がん剤・ホルモン剤治療特約","1","20","69","","","benefit","10000","insurancePeriodClass","3","insurancePeriod","3000","paymentPeriodClass","3","paymentPeriod","3000","","","","","","","","","",""
"3","31A005","0","D1E","D10","001","特定損傷特約","1","20","69","","","benefit","50000","insurancePeriodClass","3","insurancePeriod","3000","paymentPeriodClass","3","paymentPeriod","3000","","","","","","","","","",""
"3","31A005","0","D1P","D10","001","がん一時給付特約","1","20","69","","","benefit","100000","insurancePeriodClass","3","insurancePeriod","3000","paymentPeriodClass","3","paymentPeriod","3000","","","","","","","","","",""
"3","31A005","0","31A","D10","001","特定疾病保険料払込免除特約","1","20","69","","","additionType","1","insurancePeriodClass","3","insurancePeriod","3000","paymentPeriodClass","3","paymentPeriod","3000","freeOfPremiumRiderCls","031","","","","","","","",""
"1","31E002","1","31E","310","001","特定疾病一時給付保険（無解約払戻金型）（２０）","1","20","69","1","1","benefit","300000","insurancePeriodClass","3","insurancePeriod","3000","paymentPeriodClass","3","paymentPeriod","3000","diseaseCoverageType","6","benefitFirstPayConvCls","1","freeOfPRiderFlg","1","freeOfPremiumRiderCls","031","",""
"1","31E002","0","D1A","D10","001","先進医療特約","1","20","69","","","additionType","1","insurancePeriodClass","3","insurancePeriod","3000","paymentPeriodClass","3","paymentPeriod","3000","","","","","","","","","",""
"1","31E002","0","D1F","D10","001","抗がん剤・ホルモン剤治療特約","1","20","69","","","benefit","10000","insurancePeriodClass","3","insurancePeriod","3000","paymentPeriodClass","3","paymentPeriod","3000","","","","","","","","","",""
"1","31E002","0","D1P","D10","001","がん一時給付特約","1","20","69","","","benefit","100000","insurancePeriodClass","3","insurancePeriod","3000","paymentPeriodClass","3","paymentPeriod","3000","","","","","","","","","",""
"1","31E002","0","31E","D10","001","特定疾病保険料払込免除特約","1","20","69","","","additionType","1","insurancePeriodClass","3","insurancePeriod","3000","paymentPeriodClass","3","paymentPeriod","3000","freeOfPremiumRiderCls","031","","","","","","","",""
"2","31E002","1","31E","310","001","特定疾病一時給付保険（無解約払戻金型）（２０）","1","20","69","","0","benefit","300000","insurancePeriodClass","3","insurancePeriod","3000","paymentPeriodClass","3","paymentPeriod","3000","diseaseCoverageType","6","benefitFirstPayConvCls","1","freeOfPRiderFlg","1","freeOfPremiumRiderCls","031","",""
"2","31E002","0","D1A","D10","001","先進医療特約","1","20","69","","","additionType","1","insurancePeriodClass","3","insurancePeriod","3000","paymentPeriodClass","3","paymentPeriod","3000","","","","","","","","","",""
"2","31E002","0","D1F","D10","001","抗がん剤・ホルモン剤治療特約","1","20","69","","","benefit","10000","insurancePeriodClass","3","insurancePeriod","3000","paymentPeriodClass","3","paymentPeriod","3000","","","","","","","","","",""
"2","31E002","0","D1P","D10","001","がん一時給付特約","1","20","69","","","benefit","100000","insurancePeriodClass","3","insurancePeriod","3000","paymentPeriodClass","3","paymentPeriod","3000","","","","","","","","","",""
"2","31E002","0","31E","D10","001","特定疾病保険料払込免除特約","1","20","69","","","additionType","1","insurancePeriodClass","3","insurancePeriod","3000","paymentPeriodClass","3","paymentPeriod","3000","freeOfPremiumRiderCls","031","","","","","","","",""
"3","31E002","1","31E","310","001","特定疾病一時給付保険（無解約払戻金型）（２０）","1","20","69","","0","benefit","300000","insurancePeriodClass","3","insurancePeriod","3000","paymentPeriodClass","3","paymentPeriod","3000","diseaseCoverageType","6","benefitFirstPayConvCls","1","freeOfPRiderFlg","1","freeOfPremiumRiderCls","031","",""
"3","31E002","0","D1A","D10","001","先進医療特約","1","20","69","","","additionType","1","insurancePeriodClass","3","insurancePeriod","3000","paymentPeriodClass","3","paymentPeriod","3000","","","","","","","","","",""
"3","31E002","0","D1F","D10","001","抗がん剤・ホルモン剤治療特約","1","20","69","","","benefit","10000","insurancePeriodClass","3","insurancePeriod","3000","paymentPeriodClass","3","paymentPeriod","3000","","","","","","","","","",""
"3","31E002","0","D1P","D10","001","がん一時給付特約","1","20","69","","","benefit","100000","insurancePeriodClass","3","insurancePeriod","3000","paymentPeriodClass","3","paymentPeriod","3000","","","","","","","","","",""
"3","31E002","0","31E","D10","001","特定疾病保険料払込免除特約","1","20","69","","","additionType","1","insurancePeriodClass","3","insurancePeriod","3000","paymentPeriodClass","3","paymentPeriod","3000","freeOfPremiumRiderCls","031","","","","","","","",""
"1","31C003","1","31C","310","001","引受緩和型医療終身保険（無解約払戻金型）","1","20","69","0","1","benefit","5000","insurancePeriodClass","3","insurancePeriod","3000","paymentPeriodClass","3","paymentPeriod","3000","hosCovPayLimitClass","1","benefitPayConvCls","1","disHsptUnlmtDaysSpPrv","1","freeOfPRiderFlg","1","freeOfPremiumRiderCls","011"
"1","31C003","0","D1J","D10","001","引受緩和型入院一時給付特約","1","20","69","","","benefit","10000","insurancePeriodClass","3","insurancePeriod","3000","paymentPeriodClass","3","paymentPeriod","3000","","","","","","","","","",""
"1","31C003","0","D1L","D10","001","引受緩和型退院後通院特約","1","20","69","","","benefit","2000","insurancePeriodClass","3","insurancePeriod","3000","paymentPeriodClass","3","paymentPeriod","3000","","","","","","","","","",""
"1","31C003","0","D1H","D10","001","引受緩和型先進医療特約","1","20","69","","","additionType","1","insurancePeriodClass","3","insurancePeriod","3000","paymentPeriodClass","3","paymentPeriod","3000","","","","","","","","","",""
"1","31C003","0","D1N","D10","001","引受緩和型特定疾病一時給付特約","1","20","69","","","benefit","100000","insurancePeriodClass","3","insurancePeriod","3000","paymentPeriodClass","3","paymentPeriod","3000","diseaseCoverageType","6","benefitFirstPayConvCls","1","","","","","",""
"1","31C003","0","D1M","D10","001","引受緩和型抗がん剤・ホルモン剤治療特約","1","20","69","","","benefit","10000","insurancePeriodClass","3","insurancePeriod","3000","paymentPeriodClass","3","paymentPeriod","3000","","","","","","","","","",""
"1","31C003","0","31C","D10","001","引受緩和型３大疾病保険料払込免除特約","1","20","69","","","additionType","1","insurancePeriodClass","3","insurancePeriod","3000","paymentPeriodClass","3","paymentPeriod","3000","freeOfPremiumRiderCls","011","","","","","","","",""
"2","31C003","1","31C","310","001","引受緩和型医療終身保険（無解約払戻金型）","1","20","69","","0","benefit","5000","insurancePeriodClass","3","insurancePeriod","3000","paymentPeriodClass","3","paymentPeriod","3000","hosCovPayLimitClass","1","benefitPayConvCls","1","disHsptUnlmtDaysSpPrv","1","freeOfPRiderFlg","1","freeOfPremiumRiderCls","011"
"2","31C003","0","D1J","D10","001","引受緩和型入院一時給付特約","1","20","69","","","benefit","10000","insurancePeriodClass","3","insurancePeriod","3000","paymentPeriodClass","3","paymentPeriod","3000","","","","","","","","","",""
"2","31C003","0","D1L","D10","001","引受緩和型退院後通院特約","1","20","69","","","benefit","2000","insurancePeriodClass","3","insurancePeriod","3000","paymentPeriodClass","3","paymentPeriod","3000","","","","","","","","","",""
"2","31C003","0","D1H","D10","001","引受緩和型先進医療特約","1","20","69","","","additionType","1","insurancePeriodClass","3","insurancePeriod","3000","paymentPeriodClass","3","paymentPeriod","3000","","","","","","","","","",""
"2","31C003","0","D1N","D10","001","引受緩和型特定疾病一時給付特約","1","20","69","","","benefit","100000","insurancePeriodClass","3","insurancePeriod","3000","paymentPeriodClass","3","paymentPeriod","3000","diseaseCoverageType","6","benefitFirstPayConvCls","1","","","","","",""
"2","31C003","0","D1M","D10","001","引受緩和型抗がん剤・ホルモン剤治療特約","1","20","69","","","benefit","10000","insurancePeriodClass","3","insurancePeriod","3000","paymentPeriodClass","3","paymentPeriod","3000","","","","","","","","","",""
"2","31C003","0","31C","D10","001","引受緩和型３大疾病保険料払込免除特約","1","20","69","","","additionType","1","insurancePeriodClass","3","insurancePeriod","3000","paymentPeriodClass","3","paymentPeriod","3000","freeOfPremiumRiderCls","011","","","","","","","",""
"3","31C003","1","31C","310","001","引受緩和型医療終身保険（無解約払戻金型）","1","20","69","","0","benefit","5000","insurancePeriodClass","3","insurancePeriod","3000","paymentPeriodClass","3","paymentPeriod","3000","hosCovPayLimitClass","1","benefitPayConvCls","1","disHsptUnlmtDaysSpPrv","1","freeOfPRiderFlg","1","freeOfPremiumRiderCls","011"
"3","31C003","0","D1J","D10","001","引受緩和型入院一時給付特約","1","20","69","","","benefit","10000","insurancePeriodClass","3","insurancePeriod","3000","paymentPeriodClass","3","paymentPeriod","3000","","","","","","","","","",""
"3","31C003","0","D1L","D10","001","引受緩和型退院後通院特約","1","20","69","","","benefit","2000","insurancePeriodClass","3","insurancePeriod","3000","paymentPeriodClass","3","paymentPeriod","3000","","","","","","","","","",""
"3","31C003","0","D1H","D10","001","引受緩和型先進医療特約","1","20","69","","","additionType","1","insurancePeriodClass","3","insurancePeriod","3000","paymentPeriodClass","3","paymentPeriod","3000","","","","","","","","","",""
"3","31C003","0","D1N","D10","001","引受緩和型特定疾病一時給付特約","1","20","69","","","benefit","100000","insurancePeriodClass","3","insurancePeriod","3000","paymentPeriodClass","3","paymentPeriod","3000","diseaseCoverageType","6","benefitFirstPayConvCls","1","","","","","",""
"3","31C003","0","D1M","D10","001","引受緩和型抗がん剤・ホルモン剤治療特約","1","20","69","","","benefit","10000","insurancePeriodClass","3","insurancePeriod","3000","paymentPeriodClass","3","paymentPeriod","3000","","","","","","","","","",""
"3","31C003","0","31C","D10","001","引受緩和型３大疾病保険料払込免除特約","1","20","69","","","additionType","1","insurancePeriodClass","3","insurancePeriod","3000","paymentPeriodClass","3","paymentPeriod","3000","freeOfPremiumRiderCls","011","","","","","","","",""
"1","31D002","1","31D","310","001","引受緩和型３大疾病一時給付保険（無解約払戻金型）","1","20","69","0","1","benefit","300000","insurancePeriodClass","3","insurancePeriod","3000","paymentPeriodClass","3","paymentPeriod","3000","benefitFirstPayConvCls","1","freeOfPRiderFlg","1","freeOfPremiumRiderCls","011","","","",""
"1","31D002","0","D1Q","D10","001","引受緩和型がん一時給付特約","1","20","69","","","benefit","100000","insurancePeriodClass","3","insurancePeriod","3000","paymentPeriodClass","3","paymentPeriod","3000","","","","","","","","","",""
"1","31D002","0","D1H","D10","001","引受緩和型先進医療特約","1","20","69","","","additionType","1","insurancePeriodClass","3","insurancePeriod","3000","paymentPeriodClass","3","paymentPeriod","3000","","","","","","","","","",""
"1","31D002","0","D1M","D10","001","引受緩和型抗がん剤・ホルモン剤治療特約","1","20","69","","","benefit","10000","insurancePeriodClass","3","insurancePeriod","3000","paymentPeriodClass","3","paymentPeriod","3000","","","","","","","","","",""
"1","31D002","0","31D","D10","001","引受緩和型３大疾病保険料払込免除特約","1","20","69","","","additionType","1","insurancePeriodClass","3","insurancePeriod","3000","paymentPeriodClass","3","paymentPeriod","3000","freeOfPremiumRiderCls","011","","","","","","","",""
"2","31D002","1","31D","310","001","引受緩和型３大疾病一時給付保険（無解約払戻金型）","1","20","69","","0","benefit","300000","insurancePeriodClass","3","insurancePeriod","3000","paymentPeriodClass","3","paymentPeriod","3000","benefitFirstPayConvCls","1","freeOfPRiderFlg","1","freeOfPremiumRiderCls","011","","","",""
"2","31D002","0","D1Q","D10","001","引受緩和型がん一時給付特約","1","20","69","","","benefit","100000","insurancePeriodClass","3","insurancePeriod","3000","paymentPeriodClass","3","paymentPeriod","3000","","","","","","","","","",""
"2","31D002","0","D1H","D10","001","引受緩和型先進医療特約","1","20","69","","","additionType","1","insurancePeriodClass","3","insurancePeriod","3000","paymentPeriodClass","3","paymentPeriod","3000","","","","","","","","","",""
"2","31D002","0","D1M","D10","001","引受緩和型抗がん剤・ホルモン剤治療特約","1","20","69","","","benefit","10000","insurancePeriodClass","3","insurancePeriod","3000","paymentPeriodClass","3","paymentPeriod","3000","","","","","","","","","",""
"2","31D002","0","31D","D10","001","引受緩和型３大疾病保険料払込免除特約","1","20","69","","","additionType","1","insurancePeriodClass","3","insurancePeriod","3000","paymentPeriodClass","3","paymentPeriod","3000","freeOfPremiumRiderCls","011","","","","","","","",""
"3","31D002","1","31D","310","001","引受緩和型３大疾病一時給付保険（無解約払戻金型）","1","20","69","","0","benefit","300000","insurancePeriodClass","3","insurancePeriod","3000","paymentPeriodClass","3","paymentPeriod","3000","benefitFirstPayConvCls","1","freeOfPRiderFlg","1","freeOfPremiumRiderCls","011","","","",""
"3","31D002","0","D1Q","D10","001","引受緩和型がん一時給付特約","1","20","69","","","benefit","100000","insurancePeriodClass","3","insurancePeriod","3000","paymentPeriodClass","3","paymentPeriod","3000","","","","","","","","","",""
"3","31D002","0","D1H","D10","001","引受緩和型先進医療特約","1","20","69","","","additionType","1","insurancePeriodClass","3","insurancePeriod","3000","paymentPeriodClass","3","paymentPeriod","3000","","","","","","","","","",""
"3","31D002","0","D1M","D10","001","引受緩和型抗がん剤・ホルモン剤治療特約","1","20","69","","","benefit","10000","insurancePeriodClass","3","insurancePeriod","3000","paymentPeriodClass","3","paymentPeriod","3000","","","","","","","","","",""
"3","31D002","0","31D","D10","001","引受緩和型３大疾病保険料払込免除特約","1","20","69","","","additionType","1","insurancePeriodClass","3","insurancePeriod","3000","paymentPeriodClass","3","paymentPeriod","3000","freeOfPremiumRiderCls","011","","","","","","","",""
"1","03A003","1","03A","030","001","定期保険（無解約払戻金型）","1","20","69","0","1","benefit","1000000","insurancePeriodClass","3","insurancePeriod","3000","paymentPeriodClass","3","paymentPeriod","3000","freeOfPRiderFlg","1","freeOfPremiumRiderCls","001","","","","","",""
"1","03A003","0","03A","030","001","３大疾病保険料払込免除特約","1","20","69","","","additionType","1","insurancePeriodClass","3","insurancePeriod","3000","paymentPeriodClass","3","paymentPeriod","3000","freeOfPremiumRiderCls","","","","","","","","",""
"2","03A003","1","03A","030","001","定期保険（無解約払戻金型）","1","20","69","","0","benefit","1000000","insurancePeriodClass","3","insurancePeriod","3000","paymentPeriodClass","3","paymentPeriod","3000","freeOfPRiderFlg","1","freeOfPremiumRiderCls","001","","","","","",""
"2","03A003","0","03A","030","001","３大疾病保険料払込免除特約","1","20","69","","","additionType","1","insurancePeriodClass","3","insurancePeriod","3000","paymentPeriodClass","3","paymentPeriod","3000","freeOfPremiumRiderCls","001","","","","","","","",""
"3","03A003","1","03A","030","001","定期保険（無解約払戻金型）","1","20","69","","0","benefit","1000000","insurancePeriodClass","3","insurancePeriod","3000","paymentPeriodClass","3","paymentPeriod","3000","freeOfPRiderFlg","1","freeOfPremiumRiderCls","001","","","","","",""
"3","03A003","0","03A","030","001","３大疾病保険料払込免除特約","1","20","69","","","additionType","1","insurancePeriodClass","3","insurancePeriod","3000","paymentPeriodClass","3","paymentPeriod","3000","freeOfPremiumRiderCls","001","","","","","","","",""
"1","31A005","1","31A","310","001","医療終身保険（無解約払戻金型）","2","20","69","1","1","benefit","5000","insurancePeriodClass","3","insurancePeriod","3000","paymentPeriodClass","3","paymentPeriod","3000","hosCovPayLimitClass","060","benefitPayConvCls","1","disHsptUnlmtDaysSpPrv","1","freeOfPRiderFlg","1","freeOfPremiumRiderCls","031"
"1","31A005","0","D1B","D10","001","入院一時給付特約","2","20","69","","","benefit","10000","insurancePeriodClass","3","insurancePeriod","3000","paymentPeriodClass","3","paymentPeriod","3000","","","","","","","","","",""
"1","31A005","0","D1C","D10","001","女性医療特約","2","20","69","","","benefit","2000","insurancePeriodClass","3","insurancePeriod","3000","paymentPeriodClass","3","paymentPeriod","3000","hosCovPayLimitClass","060","disHsptUnlmtDaysSpPrv","1","","","","","",""
"1","31A005","0","D1D","D10","001","退院後通院特約","2","20","69","","","benefit","5000","insurancePeriodClass","3","insurancePeriod","3000","paymentPeriodClass","3","paymentPeriod","3000","","","","","","","","","",""
"1","31A005","0","D1A","D10","001","先進医療特約","2","20","69","","","additionType","1","insurancePeriodClass","3","insurancePeriod","3000","paymentPeriodClass","3","paymentPeriod","3000","","","","","","","","","",""
"1","31A005","0","D1R","D10","001","特定疾病一時給付特約（２０）","2","20","69","","","benefit","50000","insurancePeriodClass","3","insurancePeriod","3000","paymentPeriodClass","3","paymentPeriod","3000","diseaseCoverageType","6","benefitFirstPayConvCls","1","","","","","",""
"1","31A005","0","D1F","D10","001","抗がん剤・ホルモン剤治療特約","2","20","69","","","benefit","10000","insurancePeriodClass","3","insurancePeriod","3000","paymentPeriodClass","3","paymentPeriod","3000","","","","","","","","","",""
"1","31A005","0","D1E","D10","001","特定損傷特約","2","20","69","","","benefit","50000","insurancePeriodClass","3","insurancePeriod","3000","paymentPeriodClass","3","paymentPeriod","3000","","","","","","","","","",""
"1","31A005","0","D1S","D10","001","女性疾病入院一時給付特約","2","20","69","","","benefit","10000","insurancePeriodClass","3","insurancePeriod","3000","paymentPeriodClass","3","paymentPeriod","3000","","","","","","","","","",""
"1","31A005","0","D1P","D10","001","がん一時給付特約","2","20","69","","","benefit","100000","insurancePeriodClass","3","insurancePeriod","3000","paymentPeriodClass","3","paymentPeriod","3000","","","","","","","","","",""
"1","31A005","0","31A","D10","001","特定疾病保険料払込免除特約","2","20","69","","","additionType","1","insurancePeriodClass","3","insurancePeriod","3000","paymentPeriodClass","3","paymentPeriod","3000","freeOfPremiumRiderCls","031","","","","","","","",""
"2","31A005","1","31A","310","001","医療終身保険（無解約払戻金型）","2","20","69","","0","benefit","5000","insurancePeriodClass","3","insurancePeriod","3000","paymentPeriodClass","3","paymentPeriod","3000","hosCovPayLimitClass","060","benefitPayConvCls","1","disHsptUnlmtDaysSpPrv","2","freeOfPRiderFlg","1","freeOfPremiumRiderCls","031"
"2","31A005","0","D1B","D10","001","入院一時給付特約","2","20","69","","","benefit","10000","insurancePeriodClass","3","insurancePeriod","3000","paymentPeriodClass","3","paymentPeriod","3000","","","","","","","","","",""
"2","31A005","0","D1C","D10","001","女性医療特約","2","20","69","","","benefit","2000","insurancePeriodClass","3","insurancePeriod","3000","paymentPeriodClass","3","paymentPeriod","3000","hosCovPayLimitClass","060","disHsptUnlmtDaysSpPrv","1","","","","","",""
"2","31A005","0","D1D","D10","001","退院後通院特約","2","20","69","","","benefit","5000","insurancePeriodClass","3","insurancePeriod","3000","paymentPeriodClass","3","paymentPeriod","3000","","","","","","","","","",""
"2","31A005","0","D1A","D10","001","先進医療特約","2","20","69","","","additionType","1","insurancePeriodClass","3","insurancePeriod","3000","paymentPeriodClass","3","paymentPeriod","3000","","","","","","","","","",""
"2","31A005","0","D1R","D10","001","特定疾病一時給付特約（２０）","2","20","69","","","benefit","50000","insurancePeriodClass","3","insurancePeriod","3000","paymentPeriodClass","3","paymentPeriod","3000","diseaseCoverageType","6","benefitFirstPayConvCls","1","","","","","",""
"2","31A005","0","D1F","D10","001","抗がん剤・ホルモン剤治療特約","2","20","69","","","benefit","10000","insurancePeriodClass","3","insurancePeriod","3000","paymentPeriodClass","3","paymentPeriod","3000","","","","","","","","","",""
"2","31A005","0","D1E","D10","001","特定損傷特約","2","20","69","","","benefit","50000","insurancePeriodClass","3","insurancePeriod","3000","paymentPeriodClass","3","paymentPeriod","3000","","","","","","","","","",""
"2","31A005","0","D1S","D10","001","女性疾病入院一時給付特約","2","20","69","","","benefit","10000","insurancePeriodClass","3","insurancePeriod","3000","paymentPeriodClass","3","paymentPeriod","3000","","","","","","","","","",""
"2","31A005","0","D1P","D10","001","がん一時給付特約","2","20","69","","","benefit","100000","insurancePeriodClass","3","insurancePeriod","3000","paymentPeriodClass","3","paymentPeriod","3000","","","","","","","","","",""
"2","31A005","0","31A","D10","001","特定疾病保険料払込免除特約","2","20","69","","","additionType","1","insurancePeriodClass","3","insurancePeriod","3000","paymentPeriodClass","3","paymentPeriod","3000","freeOfPremiumRiderCls","031","","","","","","","",""
"3","31A005","1","31A","310","001","医療終身保険（無解約払戻金型）","2","20","69","","0","benefit","5000","insurancePeriodClass","3","insurancePeriod","3000","paymentPeriodClass","3","paymentPeriod","3000","hosCovPayLimitClass","060","benefitPayConvCls","1","disHsptUnlmtDaysSpPrv","2","freeOfPRiderFlg","1","freeOfPremiumRiderCls","031"
"3","31A005","0","D1B","D10","001","入院一時給付特約","2","20","69","","","benefit","10000","insurancePeriodClass","3","insurancePeriod","3000","paymentPeriodClass","3","paymentPeriod","3000","","","","","","","","","",""
"3","31A005","0","D1C","D10","001","女性医療特約","2","20","69","","","benefit","2000","insurancePeriodClass","3","insurancePeriod","3000","paymentPeriodClass","3","paymentPeriod","3000","hosCovPayLimitClass","060","disHsptUnlmtDaysSpPrv","1","","","","","",""
"3","31A005","0","D1D","D10","001","退院後通院特約","2","20","69","","","benefit","5000","insurancePeriodClass","3","insurancePeriod","3000","paymentPeriodClass","3","paymentPeriod","3000","","","","","","","","","",""
"3","31A005","0","D1A","D10","001","先進医療特約","2","20","69","","","additionType","1","insurancePeriodClass","3","insurancePeriod","3000","paymentPeriodClass","3","paymentPeriod","3000","","","","","","","","","",""
"3","31A005","0","D1R","D10","001","特定疾病一時給付特約（２０）","2","20","69","","","benefit","50000","insurancePeriodClass","3","insurancePeriod","3000","paymentPeriodClass","3","paymentPeriod","3000","diseaseCoverageType","6","benefitFirstPayConvCls","1","","","","","",""
"3","31A005","0","D1F","D10","001","抗がん剤・ホルモン剤治療特約","2","20","69","","","benefit","10000","insurancePeriodClass","3","insurancePeriod","3000","paymentPeriodClass","3","paymentPeriod","3000","","","","","","","","","",""
"3","31A005","0","D1E","D10","001","特定損傷特約","2","20","69","","","benefit","50000","insurancePeriodClass","3","insurancePeriod","3000","paymentPeriodClass","3","paymentPeriod","3000","","","","","","","","","",""
"3","31A005","0","D1S","D10","001","女性疾病入院一時給付特約","2","20","69","","","benefit","10000","insurancePeriodClass","3","insurancePeriod","3000","paymentPeriodClass","3","paymentPeriod","3000","","","","","","","","","",""
"3","31A005","0","D1P","D10","001","がん一時給付特約","2","20","69","","","benefit","100000","insurancePeriodClass","3","insurancePeriod","3000","paymentPeriodClass","3","paymentPeriod","3000","","","","","","","","","",""
"3","31A005","0","31A","D10","001","特定疾病保険料払込免除特約","2","20","69","","","additionType","1","insurancePeriodClass","3","insurancePeriod","3000","paymentPeriodClass","3","paymentPeriod","3000","freeOfPremiumRiderCls","031","","","","","","","",""
"1","31E002","1","31E","310","001","特定疾病一時給付保険（無解約払戻金型）（２０）","2","20","69","1","1","benefit","300000","insurancePeriodClass","3","insurancePeriod","3000","paymentPeriodClass","3","paymentPeriod","3000","diseaseCoverageType","6","benefitFirstPayConvCls","1","freeOfPRiderFlg","1","freeOfPremiumRiderCls","031","",""
"1","31E002","0","D1A","D10","001","先進医療特約","2","20","69","","","additionType","1","insurancePeriodClass","3","insurancePeriod","3000","paymentPeriodClass","3","paymentPeriod","3000","","","","","","","","","",""
"1","31E002","0","D1F","D10","001","抗がん剤・ホルモン剤治療特約","2","20","69","","","benefit","10000","insurancePeriodClass","3","insurancePeriod","3000","paymentPeriodClass","3","paymentPeriod","3000","","","","","","","","","",""
"1","31E002","0","D1P","D10","001","がん一時給付特約","2","20","69","","","benefit","100000","insurancePeriodClass","3","insurancePeriod","3000","paymentPeriodClass","3","paymentPeriod","3000","","","","","","","","","",""
"1","31E002","0","31E","D10","001","特定疾病保険料払込免除特約","2","20","69","","","additionType","1","insurancePeriodClass","3","insurancePeriod","3000","paymentPeriodClass","3","paymentPeriod","3000","freeOfPremiumRiderCls","031","","","","","","","",""
"2","31E002","1","31E","310","001","特定疾病一時給付保険（無解約払戻金型）（２０）","2","20","69","","0","benefit","300000","insurancePeriodClass","3","insurancePeriod","3000","paymentPeriodClass","3","paymentPeriod","3000","diseaseCoverageType","6","benefitFirstPayConvCls","1","freeOfPRiderFlg","1","freeOfPremiumRiderCls","031","",""
"2","31E002","0","D1A","D10","001","先進医療特約","2","20","69","","","additionType","1","insurancePeriodClass","3","insurancePeriod","3000","paymentPeriodClass","3","paymentPeriod","3000","","","","","","","","","",""
"2","31E002","0","D1F","D10","001","抗がん剤・ホルモン剤治療特約","2","20","69","","","benefit","10000","insurancePeriodClass","3","insurancePeriod","3000","paymentPeriodClass","3","paymentPeriod","3000","","","","","","","","","",""
"2","31E002","0","D1P","D10","001","がん一時給付特約","2","20","69","","","benefit","100000","insurancePeriodClass","3","insurancePeriod","3000","paymentPeriodClass","3","paymentPeriod","3000","","","","","","","","","",""
"2","31E002","0","31E","D10","001","特定疾病保険料払込免除特約","2","20","69","","","additionType","1","insurancePeriodClass","3","insurancePeriod","3000","paymentPeriodClass","3","paymentPeriod","3000","freeOfPremiumRiderCls","031","","","","","","","",""
"3","31E002","1","31E","310","001","特定疾病一時給付保険（無解約払戻金型）（２０）","2","20","69","","0","benefit","300000","insurancePeriodClass","3","insurancePeriod","3000","paymentPeriodClass","3","paymentPeriod","3000","diseaseCoverageType","6","benefitFirstPayConvCls","1","freeOfPRiderFlg","1","freeOfPremiumRiderCls","031","",""
"3","31E002","0","D1A","D10","001","先進医療特約","2","20","69","","","additionType","1","insurancePeriodClass","3","insurancePeriod","3000","paymentPeriodClass","3","paymentPeriod","3000","","","","","","","","","",""
"3","31E002","0","D1F","D10","001","抗がん剤・ホルモン剤治療特約","2","20","69","","","benefit","10000","insurancePeriodClass","3","insurancePeriod","3000","paymentPeriodClass","3","paymentPeriod","3000","","","","","","","","","",""
"3","31E002","0","D1P","D10","001","がん一時給付特約","2","20","69","","","benefit","100000","insurancePeriodClass","3","insurancePeriod","3000","paymentPeriodClass","3","paymentPeriod","3000","","","","","","","","","",""
"3","31E002","0","31E","D10","001","特定疾病保険料払込免除特約","2","20","69","","","additionType","1","insurancePeriodClass","3","insurancePeriod","3000","paymentPeriodClass","3","paymentPeriod","3000","freeOfPremiumRiderCls","031","","","","","","","",""
"1","31C003","1","31C","310","001","引受緩和型医療終身保険（無解約払戻金型）","2","20","69","0","1","benefit","5000","insurancePeriodClass","3","insurancePeriod","3000","paymentPeriodClass","3","paymentPeriod","3000","hosCovPayLimitClass","1","benefitPayConvCls","1","disHsptUnlmtDaysSpPrv","1","freeOfPRiderFlg","1","freeOfPremiumRiderCls","011"
"1","31C003","0","D1J","D10","001","引受緩和型入院一時給付特約","2","20","69","","","benefit","10000","insurancePeriodClass","3","insurancePeriod","3000","paymentPeriodClass","3","paymentPeriod","3000","","","","","","","","","",""
"1","31C003","0","D1K","D10","001","引受緩和型女性疾病入院特約","2","20","69","","","benefit","3000","insurancePeriodClass","3","insurancePeriod","3000","paymentPeriodClass","3","paymentPeriod","3000","hosCovPayLimitClass","060","disHsptUnlmtDaysSpPrv","1","","","","","",""
"1","31C003","0","D1L","D10","001","引受緩和型退院後通院特約","2","20","69","","","benefit","2000","insurancePeriodClass","3","insurancePeriod","3000","paymentPeriodClass","3","paymentPeriod","3000","","","","","","","","","",""
"1","31C003","0","D1H","D10","001","引受緩和型先進医療特約","2","20","69","","","additionType","1","insurancePeriodClass","3","insurancePeriod","3000","paymentPeriodClass","3","paymentPeriod","3000","","","","","","","","","",""
"1","31C003","0","D1N","D10","001","引受緩和型特定疾病一時給付特約","2","20","69","","","benefit","100000","insurancePeriodClass","3","insurancePeriod","3000","paymentPeriodClass","3","paymentPeriod","3000","diseaseCoverageType","6","benefitFirstPayConvCls","1","","","","","",""
"1","31C003","0","D1M","D10","001","引受緩和型抗がん剤・ホルモン剤治療特約","2","20","69","","","benefit","10000","insurancePeriodClass","3","insurancePeriod","3000","paymentPeriodClass","3","paymentPeriod","3000","","","","","","","","","",""
"1","31C003","0","31C","D10","001","引受緩和型３大疾病保険料払込免除特約","2","20","69","","","additionType","1","insurancePeriodClass","3","insurancePeriod","3000","paymentPeriodClass","3","paymentPeriod","3000","freeOfPremiumRiderCls","011","","","","","","","",""
"2","31C003","1","31C","310","001","引受緩和型医療終身保険（無解約払戻金型）","2","20","69","","0","benefit","5000","insurancePeriodClass","3","insurancePeriod","3000","paymentPeriodClass","3","paymentPeriod","3000","hosCovPayLimitClass","1","benefitPayConvCls","1","disHsptUnlmtDaysSpPrv","1","freeOfPRiderFlg","1","freeOfPremiumRiderCls","011"
"2","31C003","0","D1J","D10","001","引受緩和型入院一時給付特約","2","20","69","","","benefit","10000","insurancePeriodClass","3","insurancePeriod","3000","paymentPeriodClass","3","paymentPeriod","3000","","","","","","","","","",""
"2","31C003","0","D1K","D10","001","引受緩和型女性疾病入院特約","2","20","69","","","benefit","3000","insurancePeriodClass","3","insurancePeriod","3000","paymentPeriodClass","3","paymentPeriod","3000","hosCovPayLimitClass","060","disHsptUnlmtDaysSpPrv","1","","","","","",""
"2","31C003","0","D1L","D10","001","引受緩和型退院後通院特約","2","20","69","","","benefit","2000","insurancePeriodClass","3","insurancePeriod","3000","paymentPeriodClass","3","paymentPeriod","3000","","","","","","","","","",""
"2","31C003","0","D1H","D10","001","引受緩和型先進医療特約","2","20","69","","","additionType","1","insurancePeriodClass","3","insurancePeriod","3000","paymentPeriodClass","3","paymentPeriod","3000","","","","","","","","","",""
"2","31C003","0","D1N","D10","001","引受緩和型特定疾病一時給付特約","2","20","69","","","benefit","100000","insurancePeriodClass","3","insurancePeriod","3000","paymentPeriodClass","3","paymentPeriod","3000","diseaseCoverageType","6","benefitFirstPayConvCls","1","","","","","",""
"2","31C003","0","D1M","D10","001","引受緩和型抗がん剤・ホルモン剤治療特約","2","20","69","","","benefit","10000","insurancePeriodClass","3","insurancePeriod","3000","paymentPeriodClass","3","paymentPeriod","3000","","","","","","","","","",""
"2","31C003","0","31C","D10","001","引受緩和型３大疾病保険料払込免除特約","2","20","69","","","additionType","1","insurancePeriodClass","3","insurancePeriod","3000","paymentPeriodClass","3","paymentPeriod","3000","freeOfPremiumRiderCls","011","","","","","","","",""
"3","31C003","1","31C","310","001","引受緩和型医療終身保険（無解約払戻金型）","2","20","69","","0","benefit","5000","insurancePeriodClass","3","insurancePeriod","3000","paymentPeriodClass","3","paymentPeriod","3000","hosCovPayLimitClass","1","benefitPayConvCls","1","disHsptUnlmtDaysSpPrv","1","freeOfPRiderFlg","1","freeOfPremiumRiderCls","011"
"3","31C003","0","D1J","D10","001","引受緩和型入院一時給付特約","2","20","69","","","benefit","10000","insurancePeriodClass","3","insurancePeriod","3000","paymentPeriodClass","3","paymentPeriod","3000","","","","","","","","","",""
"3","31C003","0","D1K","D10","001","引受緩和型女性疾病入院特約","2","20","69","","","benefit","3000","insurancePeriodClass","3","insurancePeriod","3000","paymentPeriodClass","3","paymentPeriod","3000","hosCovPayLimitClass","060","disHsptUnlmtDaysSpPrv","1","","","","","",""
"3","31C003","0","D1L","D10","001","引受緩和型退院後通院特約","2","20","69","","","benefit","2000","insurancePeriodClass","3","insurancePeriod","3000","paymentPeriodClass","3","paymentPeriod","3000","","","","","","","","","",""
"3","31C003","0","D1H","D10","001","引受緩和型先進医療特約","2","20","69","","","additionType","1","insurancePeriodClass","3","insurancePeriod","3000","paymentPeriodClass","3","paymentPeriod","3000","","","","","","","","","",""
"3","31C003","0","D1N","D10","001","引受緩和型特定疾病一時給付特約","2","20","69","","","benefit","100000","insurancePeriodClass","3","insurancePeriod","3000","paymentPeriodClass","3","paymentPeriod","3000","diseaseCoverageType","6","benefitFirstPayConvCls","1","","","","","",""
"3","31C003","0","D1M","D10","001","引受緩和型抗がん剤・ホルモン剤治療特約","2","20","69","","","benefit","10000","insurancePeriodClass","3","insurancePeriod","3000","paymentPeriodClass","3","paymentPeriod","3000","","","","","","","","","",""
"3","31C003","0","31C","D10","001","引受緩和型３大疾病保険料払込免除特約","2","20","69","","","additionType","1","insurancePeriodClass","3","insurancePeriod","3000","paymentPeriodClass","3","paymentPeriod","3000","freeOfPremiumRiderCls","011","","","","","","","",""
"1","31D002","1","31D","310","001","引受緩和型３大疾病一時給付保険（無解約払戻金型）","2","20","69","0","1","benefit","300000","insurancePeriodClass","3","insurancePeriod","3000","paymentPeriodClass","3","paymentPeriod","3000","benefitFirstPayConvCls","1","freeOfPRiderFlg","1","freeOfPremiumRiderCls","011","","","",""
"1","31D002","0","D1Q","D10","001","引受緩和型がん一時給付特約","2","20","69","","","benefit","100000","insurancePeriodClass","3","insurancePeriod","3000","paymentPeriodClass","3","paymentPeriod","3000","","","","","","","","","",""
"1","31D002","0","D1H","D10","001","引受緩和型先進医療特約","2","20","69","","","additionType","1","insurancePeriodClass","3","insurancePeriod","3000","paymentPeriodClass","3","paymentPeriod","3000","","","","","","","","","",""
"1","31D002","0","D1M","D10","001","引受緩和型抗がん剤・ホルモン剤治療特約","2","20","69","","","benefit","10000","insurancePeriodClass","3","insurancePeriod","3000","paymentPeriodClass","3","paymentPeriod","3000","","","","","","","","","",""
"1","31D002","0","31D","D10","001","引受緩和型３大疾病保険料払込免除特約","2","20","69","","","additionType","1","insurancePeriodClass","3","insurancePeriod","3000","paymentPeriodClass","3","paymentPeriod","3000","freeOfPremiumRiderCls","011","","","","","","","",""
"2","31D002","1","31D","310","001","引受緩和型３大疾病一時給付保険（無解約払戻金型）","2","20","69","","0","benefit","300000","insurancePeriodClass","3","insurancePeriod","3000","paymentPeriodClass","3","paymentPeriod","3000","benefitFirstPayConvCls","1","freeOfPRiderFlg","1","freeOfPremiumRiderCls","011","","","",""
"2","31D002","0","D1Q","D10","001","引受緩和型がん一時給付特約","2","20","69","","","benefit","100000","insurancePeriodClass","3","insurancePeriod","3000","paymentPeriodClass","3","paymentPeriod","3000","","","","","","","","","",""
"2","31D002","0","D1H","D10","001","引受緩和型先進医療特約","2","20","69","","","additionType","1","insurancePeriodClass","3","insurancePeriod","3000","paymentPeriodClass","3","paymentPeriod","3000","","","","","","","","","",""
"2","31D002","0","D1M","D10","001","引受緩和型抗がん剤・ホルモン剤治療特約","2","20","69","","","benefit","10000","insurancePeriodClass","3","insurancePeriod","3000","paymentPeriodClass","3","paymentPeriod","3000","","","","","","","","","",""
"2","31D002","0","31D","D10","001","引受緩和型３大疾病保険料払込免除特約","2","20","69","","","additionType","1","insurancePeriodClass","3","insurancePeriod","3000","paymentPeriodClass","3","paymentPeriod","3000","freeOfPremiumRiderCls","011","","","","","","","",""
"3","31D002","1","31D","310","001","引受緩和型３大疾病一時給付保険（無解約払戻金型）","2","20","69","","0","benefit","300000","insurancePeriodClass","3","insurancePeriod","3000","paymentPeriodClass","3","paymentPeriod","3000","benefitFirstPayConvCls","1","freeOfPRiderFlg","1","freeOfPremiumRiderCls","011","","","",""
"3","31D002","0","D1Q","D10","001","引受緩和型がん一時給付特約","2","20","69","","","benefit","100000","insurancePeriodClass","3","insurancePeriod","3000","paymentPeriodClass","3","paymentPeriod","3000","","","","","","","","","",""
"3","31D002","0","D1H","D10","001","引受緩和型先進医療特約","2","20","69","","","additionType","1","insurancePeriodClass","3","insurancePeriod","3000","paymentPeriodClass","3","paymentPeriod","3000","","","","","","","","","",""
"3","31D002","0","D1M","D10","001","引受緩和型抗がん剤・ホルモン剤治療特約","2","20","69","","","benefit","10000","insurancePeriodClass","3","insurancePeriod","3000","paymentPeriodClass","3","paymentPeriod","3000","","","","","","","","","",""
"3","31D002","0","31D","D10","001","引受緩和型３大疾病保険料払込免除特約","2","20","69","","","additionType","1","insurancePeriodClass","3","insurancePeriod","3000","paymentPeriodClass","3","paymentPeriod","3000","freeOfPremiumRiderCls","011","","","","","","","",""
"1","03A003","1","03A","030","001","定期保険（無解約払戻金型）","2","20","69","0","1","benefit","1000000","insurancePeriodClass","3","insurancePeriod","3000","paymentPeriodClass","3","paymentPeriod","3000","freeOfPRiderFlg","1","freeOfPremiumRiderCls","001","","","","","",""
"1","03A003","0","03A","030","001","３大疾病保険料払込免除特約","2","20","69","","","additionType","1","insurancePeriodClass","3","insurancePeriod","3000","paymentPeriodClass","3","paymentPeriod","3000","freeOfPremiumRiderCls","","","","","","","","",""
"2","03A003","1","03A","030","001","定期保険（無解約払戻金型）","2","20","69","","0","benefit","1000000","insurancePeriodClass","3","insurancePeriod","3000","paymentPeriodClass","3","paymentPeriod","3000","freeOfPRiderFlg","1","freeOfPremiumRiderCls","001","","","","","",""
"2","03A003","0","03A","030","001","３大疾病保険料払込免除特約","2","20","69","","","additionType","1","insurancePeriodClass","3","insurancePeriod","3000","paymentPeriodClass","3","paymentPeriod","3000","freeOfPremiumRiderCls","001","","","","","","","",""
"3","03A003","1","03A","030","001","定期保険（無解約払戻金型）","2","20","69","","0","benefit","1000000","insurancePeriodClass","3","insurancePeriod","3000","paymentPeriodClass","3","paymentPeriod","3000","freeOfPRiderFlg","1","freeOfPremiumRiderCls","001","","","","","",""
"3","03A003","0","03A","030","001","３大疾病保険料払込免除特約","2","20","69","","","additionType","1","insurancePeriodClass","3","insurancePeriod","3000","paymentPeriodClass","3","paymentPeriod","3000","freeOfPremiumRiderCls","001","","","","","","","",""